ph,turbidity_ntu,tds_ppm,temperature_c,risk_label
6.86,0.2,345.5,29.7,SAFE
7.61,2.2,282.4,26.6,SAFE
7.07,0.55,246.1,19.8,SAFE
4.76,5.43,914.4,25.2,ACID_MINE_DRAINAGE_RISK
5.76,14.27,436.3,24.9,IRON_MANGANESE_RISK
5.17,5.0,1336.9,27.7,ACID_MINE_DRAINAGE_RISK
4.72,6.47,835.6,29.1,ACID_MINE_DRAINAGE_RISK
6.81,0.54,213.7,25.6,SAFE
7.19,35.05,398.9,26.8,MICROBIAL_RISK
7.12,0.3,404.6,21.6,SAFE
6.44,11.29,741.8,28.1,IRON_MANGANESE_RISK
6.68,13.17,556.5,23.0,IRON_MANGANESE_RISK
7.74,0.32,414.4,22.3,SAFE
5.06,9.01,1190.4,25.4,ACID_MINE_DRAINAGE_RISK
6.85,15.35,1155.8,24.2,IRON_MANGANESE_RISK
5.15,5.75,1122.9,22.0,ACID_MINE_DRAINAGE_RISK
8.74,0.6,1213.2,30.4,FLUORIDE_RISK
6.98,1.69,279.9,26.5,SAFE
9.25,1.38,1604.0,28.7,FLUORIDE_RISK
6.69,12.76,751.0,25.5,IRON_MANGANESE_RISK
4.88,7.24,1165.3,27.0,ACID_MINE_DRAINAGE_RISK
4.96,5.51,1027.7,28.1,ACID_MINE_DRAINAGE_RISK
7.23,0.54,244.6,29.2,SAFE
6.33,27.79,527.2,34.9,MICROBIAL_RISK
7.49,0.26,299.3,24.9,SAFE
6.63,34.14,382.0,28.4,MICROBIAL_RISK
6.63,19.61,439.7,27.2,IRON_MANGANESE_RISK
8.18,1.18,240.8,23.3,SAFE
7.98,0.11,389.9,20.3,SAFE
5.14,7.84,871.3,28.6,ACID_MINE_DRAINAGE_RISK
7.24,0.35,291.5,26.7,SAFE
6.47,19.23,408.9,26.4,IRON_MANGANESE_RISK
6.72,0.36,415.3,26.6,SAFE
8.99,2.29,1815.1,29.1,FLUORIDE_RISK
7.64,0.16,334.0,21.3,SAFE
6.04,16.63,503.8,27.6,IRON_MANGANESE_RISK
7.61,1.24,421.5,27.5,SAFE
8.06,0.38,248.8,22.6,SAFE
7.45,26.08,665.1,31.1,MICROBIAL_RISK
4.94,13.3,1256.4,24.9,ACID_MINE_DRAINAGE_RISK
7.32,0.22,309.0,24.3,SAFE
7.59,1.68,357.9,24.8,SAFE
6.92,34.22,645.5,29.3,MICROBIAL_RISK
7.39,1.75,220.3,26.9,SAFE
8.01,0.67,404.6,25.2,SAFE
6.72,18.22,443.3,24.1,IRON_MANGANESE_RISK
6.49,15.03,653.6,27.7,IRON_MANGANESE_RISK
5.44,9.34,1338.5,28.6,ACID_MINE_DRAINAGE_RISK
8.55,0.6,1499.5,26.4,FLUORIDE_RISK
8.23,0.3,170.6,23.8,SAFE
7.33,1.14,248.6,24.0,SAFE
4.67,8.2,917.4,27.5,ACID_MINE_DRAINAGE_RISK
8.26,0.71,467.5,18.9,SAFE
6.46,12.22,399.6,24.5,IRON_MANGANESE_RISK
7.96,0.2,345.4,20.2,SAFE
6.02,17.67,968.3,28.1,IRON_MANGANESE_RISK
4.66,3.3,1040.7,31.7,ACID_MINE_DRAINAGE_RISK
6.0,0.21,238.0,19.0,SAFE
4.32,5.4,1132.7,30.6,ACID_MINE_DRAINAGE_RISK
4.24,7.51,1327.4,26.5,ACID_MINE_DRAINAGE_RISK
5.14,6.78,1265.5,31.0,ACID_MINE_DRAINAGE_RISK
4.36,8.22,1117.7,28.1,ACID_MINE_DRAINAGE_RISK
8.87,2.02,1263.2,28.0,FLUORIDE_RISK
6.25,11.51,596.7,27.9,IRON_MANGANESE_RISK
9.34,2.45,1638.9,26.4,FLUORIDE_RISK
6.23,6.85,466.9,24.7,IRON_MANGANESE_RISK
9.25,1.63,1779.6,30.6,FLUORIDE_RISK
7.63,1.5,424.4,25.1,SAFE
7.2,0.11,388.3,26.0,SAFE
7.05,43.3,647.8,26.4,MICROBIAL_RISK
7.12,0.77,381.7,27.0,SAFE
6.4,10.41,661.4,24.6,IRON_MANGANESE_RISK
4.91,8.51,1253.5,30.4,ACID_MINE_DRAINAGE_RISK
7.4,0.15,279.4,26.7,SAFE
7.65,0.15,412.3,23.6,SAFE
8.68,1.63,1543.3,32.2,FLUORIDE_RISK
4.92,6.49,929.4,26.9,ACID_MINE_DRAINAGE_RISK
7.43,0.92,253.8,26.5,SAFE
7.34,0.3,292.5,26.4,SAFE
7.19,28.1,531.7,28.5,MICROBIAL_RISK
8.01,31.25,468.2,33.7,MICROBIAL_RISK
5.62,6.96,1647.5,25.0,ACID_MINE_DRAINAGE_RISK
7.24,0.36,211.6,22.7,SAFE
7.16,12.7,563.5,31.1,MICROBIAL_RISK
7.69,1.55,379.4,29.4,SAFE
5.81,5.33,671.7,30.4,ACID_MINE_DRAINAGE_RISK
7.21,30.23,225.7,28.2,MICROBIAL_RISK
7.3,0.98,323.8,24.1,SAFE
6.66,1.95,210.5,26.6,SAFE
5.94,19.11,699.8,24.5,IRON_MANGANESE_RISK
5.17,10.38,1142.5,29.9,ACID_MINE_DRAINAGE_RISK
4.95,8.93,1261.3,30.4,ACID_MINE_DRAINAGE_RISK
6.27,12.63,390.4,28.9,IRON_MANGANESE_RISK
4.94,8.29,1475.6,27.2,ACID_MINE_DRAINAGE_RISK
7.69,1.89,346.5,19.9,SAFE
5.07,6.48,1200.8,29.8,ACID_MINE_DRAINAGE_RISK
6.72,0.15,231.9,26.5,SAFE
7.27,0.76,396.4,23.7,SAFE
7.11,0.21,254.8,23.3,SAFE
7.26,0.24,237.2,25.2,SAFE
5.72,11.2,682.1,25.8,IRON_MANGANESE_RISK
6.33,11.05,736.9,24.9,IRON_MANGANESE_RISK
4.36,2.71,1441.7,31.1,ACID_MINE_DRAINAGE_RISK
7.2,0.27,366.1,25.9,SAFE
4.52,6.7,1480.9,20.9,ACID_MINE_DRAINAGE_RISK
7.0,0.11,206.2,21.8,SAFE
7.04,0.18,337.5,27.7,SAFE
6.4,19.92,661.6,24.3,IRON_MANGANESE_RISK
4.84,10.46,1003.0,25.3,ACID_MINE_DRAINAGE_RISK
7.67,0.36,472.8,25.1,SAFE
7.35,0.16,283.4,23.1,SAFE
7.06,0.21,250.9,17.5,SAFE
7.37,26.09,411.1,28.8,MICROBIAL_RISK
7.6,0.76,327.9,27.3,SAFE
5.66,4.6,958.9,24.5,ACID_MINE_DRAINAGE_RISK
4.12,6.62,1164.9,24.7,ACID_MINE_DRAINAGE_RISK
6.84,0.49,341.4,23.0,SAFE
7.32,0.19,400.5,23.3,SAFE
7.74,0.64,381.7,17.6,SAFE
6.98,1.69,349.7,23.2,SAFE
9.05,3.06,1414.0,28.8,FLUORIDE_RISK
6.25,12.27,709.2,25.2,IRON_MANGANESE_RISK
5.74,15.44,609.5,27.9,IRON_MANGANESE_RISK
5.79,9.97,369.4,25.3,IRON_MANGANESE_RISK
5.93,14.06,614.1,27.6,IRON_MANGANESE_RISK
5.24,8.43,730.4,29.9,ACID_MINE_DRAINAGE_RISK
7.5,0.56,419.8,25.5,SAFE
7.4,0.32,386.4,22.4,SAFE
7.9,1.36,352.2,28.1,SAFE
7.1,1.22,298.4,22.1,SAFE
6.27,11.79,794.6,27.9,IRON_MANGANESE_RISK
5.35,11.19,906.6,23.9,ACID_MINE_DRAINAGE_RISK
7.37,0.41,386.8,27.0,SAFE
7.28,0.63,515.7,25.4,SAFE
8.01,1.63,367.2,22.6,SAFE
5.38,3.15,1571.7,27.5,ACID_MINE_DRAINAGE_RISK
8.93,1.01,1412.3,28.6,FLUORIDE_RISK
5.76,5.03,1066.6,29.7,ACID_MINE_DRAINAGE_RISK
7.07,0.34,388.2,18.0,SAFE
8.51,0.76,1349.3,32.7,FLUORIDE_RISK
6.85,0.22,308.1,16.9,SAFE
8.88,2.66,896.5,26.0,FLUORIDE_RISK
7.31,25.85,387.2,35.1,MICROBIAL_RISK
7.32,0.93,335.8,24.6,SAFE
8.33,0.14,231.4,24.2,SAFE
6.0,1.3,789.8,24.1,ACID_MINE_DRAINAGE_RISK
7.38,1.29,308.0,26.6,SAFE
6.86,0.12,460.2,26.5,SAFE
6.17,16.89,480.6,25.0,IRON_MANGANESE_RISK
6.55,12.6,615.6,27.6,IRON_MANGANESE_RISK
8.62,1.51,1797.8,25.8,FLUORIDE_RISK
7.55,1.46,346.1,21.2,SAFE
4.36,4.46,1428.9,22.6,ACID_MINE_DRAINAGE_RISK
6.79,0.58,460.4,19.7,SAFE
8.74,1.36,1569.7,28.4,FLUORIDE_RISK
9.23,1.53,1853.8,33.9,FLUORIDE_RISK
7.57,0.19,216.9,25.3,SAFE
7.38,0.29,241.7,31.0,SAFE
6.62,15.02,797.4,29.3,IRON_MANGANESE_RISK
7.71,1.57,172.7,21.2,SAFE
4.89,7.0,741.4,28.5,ACID_MINE_DRAINAGE_RISK
6.93,0.86,211.9,26.7,SAFE
4.05,7.73,1146.2,24.9,ACID_MINE_DRAINAGE_RISK
7.58,0.28,273.9,25.4,SAFE
4.09,8.97,1012.0,27.6,ACID_MINE_DRAINAGE_RISK
7.29,0.8,461.7,20.3,SAFE
6.28,16.53,795.9,27.2,IRON_MANGANESE_RISK
6.67,0.16,314.0,26.9,SAFE
7.73,0.89,329.6,26.7,SAFE
6.72,12.19,744.9,22.9,IRON_MANGANESE_RISK
7.08,31.44,544.9,30.5,MICROBIAL_RISK
8.52,2.16,1386.0,31.3,FLUORIDE_RISK
6.38,17.75,572.6,26.2,IRON_MANGANESE_RISK
7.12,0.18,337.8,23.6,SAFE
7.2,0.33,330.8,29.3,SAFE
7.38,0.69,341.4,27.7,SAFE
7.59,1.06,323.8,23.4,SAFE
5.95,8.8,1178.5,22.8,ACID_MINE_DRAINAGE_RISK
5.87,12.32,607.7,23.3,IRON_MANGANESE_RISK
6.93,0.26,317.2,25.7,SAFE
6.87,1.9,374.6,28.0,SAFE
8.84,3.65,1250.8,31.4,FLUORIDE_RISK
6.07,4.91,967.3,25.4,ACID_MINE_DRAINAGE_RISK
6.23,12.02,624.8,25.3,IRON_MANGANESE_RISK
6.05,10.67,720.7,24.9,IRON_MANGANESE_RISK
7.55,0.56,443.8,30.4,SAFE
7.15,0.18,366.7,25.9,SAFE
6.5,10.6,665.7,22.5,IRON_MANGANESE_RISK
6.8,0.87,252.7,25.0,SAFE
7.09,1.24,337.9,14.6,SAFE
4.58,5.28,1361.0,28.7,ACID_MINE_DRAINAGE_RISK
8.04,1.37,367.3,28.3,SAFE
9.02,2.37,1600.7,30.6,FLUORIDE_RISK
6.81,16.59,624.9,26.3,IRON_MANGANESE_RISK
7.02,1.12,359.6,25.1,SAFE
7.81,0.3,335.3,25.1,SAFE
5.55,3.12,1473.8,27.5,ACID_MINE_DRAINAGE_RISK
7.4,2.08,446.2,28.6,SAFE
8.47,1.44,1508.2,31.2,FLUORIDE_RISK
6.89,0.62,415.6,20.4,SAFE
7.45,0.11,277.9,29.7,SAFE
6.38,7.2,589.0,23.5,IRON_MANGANESE_RISK
6.35,9.92,756.3,26.5,IRON_MANGANESE_RISK
6.23,13.11,478.0,25.8,IRON_MANGANESE_RISK
5.48,2.69,927.0,26.9,ACID_MINE_DRAINAGE_RISK
8.97,1.23,1249.3,28.7,FLUORIDE_RISK
7.21,1.3,360.4,24.9,SAFE
7.44,0.98,356.5,26.4,SAFE
5.46,6.99,1277.3,26.8,ACID_MINE_DRAINAGE_RISK
7.88,0.18,265.9,30.4,SAFE
7.0,0.62,318.9,27.5,SAFE
7.04,0.46,283.8,17.7,SAFE
5.71,3.77,1193.0,28.2,ACID_MINE_DRAINAGE_RISK
6.91,0.27,316.2,32.2,SAFE
6.39,13.12,654.0,26.4,IRON_MANGANESE_RISK
6.48,0.36,239.9,24.2,SAFE
5.69,8.06,976.6,25.9,ACID_MINE_DRAINAGE_RISK
7.86,0.12,394.0,30.4,SAFE
9.01,2.52,1640.6,31.1,FLUORIDE_RISK
7.09,1.45,425.4,25.6,SAFE
5.34,11.96,1007.6,27.5,ACID_MINE_DRAINAGE_RISK
7.04,1.33,281.3,21.9,SAFE
6.24,13.9,971.3,29.5,IRON_MANGANESE_RISK
7.47,3.47,323.0,25.4,SAFE
7.1,0.12,336.9,24.2,SAFE
8.4,2.55,1711.9,23.8,FLUORIDE_RISK
6.94,2.74,195.1,31.0,SAFE
6.72,13.85,624.1,27.8,IRON_MANGANESE_RISK
7.62,0.24,334.3,29.4,SAFE
6.81,15.61,547.2,26.6,IRON_MANGANESE_RISK
4.93,7.86,1007.3,28.9,ACID_MINE_DRAINAGE_RISK
6.16,0.64,291.0,21.6,SAFE
7.42,18.03,652.9,28.6,MICROBIAL_RISK
7.28,0.26,358.2,18.7,SAFE
6.48,7.77,585.8,29.0,IRON_MANGANESE_RISK
7.64,0.21,294.3,31.2,SAFE
6.51,19.19,604.5,26.8,IRON_MANGANESE_RISK
7.27,0.55,317.0,24.6,SAFE
8.59,1.86,850.5,30.8,FLUORIDE_RISK
5.31,1.25,1834.4,24.8,ACID_MINE_DRAINAGE_RISK
7.46,0.32,244.9,26.9,SAFE
6.21,21.66,621.4,26.4,IRON_MANGANESE_RISK
6.39,22.01,794.4,26.6,IRON_MANGANESE_RISK
5.76,9.47,1259.7,24.1,ACID_MINE_DRAINAGE_RISK
6.99,0.74,343.7,24.8,SAFE
9.0,2.07,1880.6,29.9,FLUORIDE_RISK
5.31,9.47,793.1,28.5,ACID_MINE_DRAINAGE_RISK
6.61,19.16,610.8,26.2,IRON_MANGANESE_RISK
6.89,0.34,217.8,20.1,SAFE
6.1,5.39,554.2,23.4,IRON_MANGANESE_RISK
7.37,0.76,264.0,22.9,SAFE
8.2,1.29,120.0,31.9,SAFE
6.84,0.41,197.4,28.1,SAFE
6.56,8.2,1243.9,26.4,ACID_MINE_DRAINAGE_RISK
9.02,1.2,1365.8,24.3,FLUORIDE_RISK
7.26,0.32,334.4,29.2,SAFE
7.91,0.29,381.8,22.1,SAFE
7.21,0.79,328.4,21.0,SAFE
6.45,10.25,859.6,25.8,IRON_MANGANESE_RISK
5.18,5.43,1130.6,28.4,ACID_MINE_DRAINAGE_RISK
6.31,15.6,724.9,23.4,IRON_MANGANESE_RISK
4.35,4.77,920.4,29.2,ACID_MINE_DRAINAGE_RISK
6.95,10.69,685.9,24.4,IRON_MANGANESE_RISK
4.39,7.27,1258.4,28.0,ACID_MINE_DRAINAGE_RISK
7.79,0.57,449.9,23.3,SAFE
4.28,7.29,1099.5,28.0,ACID_MINE_DRAINAGE_RISK
4.64,10.69,961.6,28.4,ACID_MINE_DRAINAGE_RISK
7.95,0.15,273.5,22.0,SAFE
7.07,0.54,304.2,25.7,SAFE
8.43,2.17,2085.4,25.6,FLUORIDE_RISK
6.03,20.69,712.9,24.6,IRON_MANGANESE_RISK
5.07,4.02,1257.4,24.7,ACID_MINE_DRAINAGE_RISK
5.15,4.66,1409.0,29.7,ACID_MINE_DRAINAGE_RISK
9.08,1.37,1027.9,28.7,FLUORIDE_RISK
6.63,23.28,709.0,26.4,IRON_MANGANESE_RISK
7.18,1.15,376.6,27.9,SAFE
6.87,0.37,248.8,19.5,SAFE
7.5,0.46,351.1,32.5,SAFE
8.98,1.8,1334.5,29.7,FLUORIDE_RISK
8.92,1.72,1725.7,27.8,FLUORIDE_RISK
9.07,2.28,1297.9,27.9,FLUORIDE_RISK
5.42,4.25,1107.0,27.0,ACID_MINE_DRAINAGE_RISK
4.96,6.99,1716.2,26.2,ACID_MINE_DRAINAGE_RISK
6.4,8.75,490.2,25.4,IRON_MANGANESE_RISK
7.5,0.44,324.3,25.2,SAFE
3.91,7.21,901.7,28.4,ACID_MINE_DRAINAGE_RISK
6.02,13.15,873.6,26.3,IRON_MANGANESE_RISK
6.97,23.49,470.7,29.3,MICROBIAL_RISK
7.02,0.81,321.3,22.8,SAFE
7.27,37.53,633.9,27.0,MICROBIAL_RISK
4.47,5.98,1067.9,29.5,ACID_MINE_DRAINAGE_RISK
6.83,1.15,175.8,27.6,SAFE
7.6,0.42,288.7,25.0,SAFE
7.08,0.56,351.3,22.0,SAFE
5.08,9.49,1060.4,26.9,ACID_MINE_DRAINAGE_RISK
6.93,0.34,306.2,30.1,SAFE
6.95,1.02,137.9,23.0,SAFE
6.71,7.6,589.0,25.8,IRON_MANGANESE_RISK
5.65,8.36,1174.8,30.3,ACID_MINE_DRAINAGE_RISK
7.92,0.54,356.8,23.0,SAFE
4.96,6.73,1159.2,25.9,ACID_MINE_DRAINAGE_RISK
6.76,0.36,242.3,27.0,SAFE
7.76,0.21,342.6,22.9,SAFE
6.7,10.97,436.7,29.0,IRON_MANGANESE_RISK
7.41,0.99,246.0,26.4,SAFE
8.17,2.17,268.5,27.8,SAFE
7.68,42.39,609.5,31.2,MICROBIAL_RISK
6.29,10.64,493.3,22.1,IRON_MANGANESE_RISK
5.45,6.87,979.0,26.2,ACID_MINE_DRAINAGE_RISK
7.42,0.3,385.3,25.9,SAFE
6.48,13.33,692.4,25.5,IRON_MANGANESE_RISK
6.88,17.55,760.2,23.9,IRON_MANGANESE_RISK
5.4,7.5,937.2,25.7,ACID_MINE_DRAINAGE_RISK
5.45,7.74,1280.9,32.8,ACID_MINE_DRAINAGE_RISK
5.75,7.91,659.8,28.9,ACID_MINE_DRAINAGE_RISK
5.33,4.94,1219.5,26.4,ACID_MINE_DRAINAGE_RISK
7.29,0.88,423.0,23.7,SAFE
7.97,0.67,351.6,23.5,SAFE
6.07,13.46,652.2,24.4,IRON_MANGANESE_RISK
7.36,16.4,387.2,29.1,MICROBIAL_RISK
8.65,3.18,1330.1,29.1,FLUORIDE_RISK
7.67,0.42,197.9,28.8,SAFE
6.45,10.66,982.1,25.4,IRON_MANGANESE_RISK
7.92,0.59,480.5,29.9,SAFE
6.69,17.11,567.3,24.4,IRON_MANGANESE_RISK
7.3,0.34,375.7,27.9,SAFE
5.57,17.2,585.2,24.2,IRON_MANGANESE_RISK
5.05,6.2,1478.4,28.6,ACID_MINE_DRAINAGE_RISK
7.18,32.61,743.4,27.8,MICROBIAL_RISK
6.33,10.16,594.2,28.2,IRON_MANGANESE_RISK
4.35,7.37,747.3,24.1,ACID_MINE_DRAINAGE_RISK
7.36,0.31,178.5,28.1,SAFE
6.34,16.05,570.1,23.7,IRON_MANGANESE_RISK
6.15,0.15,317.8,30.3,SAFE
5.64,8.45,1188.7,24.3,ACID_MINE_DRAINAGE_RISK
7.61,1.98,418.2,22.1,SAFE
6.94,1.52,252.8,22.2,SAFE
6.85,12.92,646.8,24.5,IRON_MANGANESE_RISK
7.34,0.42,229.5,27.2,SAFE
7.19,0.75,325.4,26.5,SAFE
8.87,1.32,1715.4,26.2,FLUORIDE_RISK
7.42,17.97,555.2,27.3,MICROBIAL_RISK
5.15,7.37,897.9,26.2,ACID_MINE_DRAINAGE_RISK
7.01,1.24,255.2,28.1,SAFE
8.37,1.28,296.4,25.5,SAFE
6.15,14.34,489.2,20.2,IRON_MANGANESE_RISK
7.12,0.42,480.8,26.9,SAFE
8.12,0.53,305.4,29.1,SAFE
7.05,0.28,368.2,23.6,SAFE
6.11,8.22,664.2,25.3,IRON_MANGANESE_RISK
5.41,8.71,1080.5,26.5,ACID_MINE_DRAINAGE_RISK
8.58,0.74,285.9,28.4,SAFE
5.85,14.8,704.4,28.7,IRON_MANGANESE_RISK
4.83,9.7,1117.0,29.1,ACID_MINE_DRAINAGE_RISK
7.69,0.33,372.5,24.0,SAFE
7.14,1.45,243.6,26.3,SAFE
4.66,7.01,1147.9,27.6,ACID_MINE_DRAINAGE_RISK
5.05,7.63,834.4,28.1,ACID_MINE_DRAINAGE_RISK
8.54,1.6,1459.8,27.8,FLUORIDE_RISK
5.45,7.31,1148.6,26.1,ACID_MINE_DRAINAGE_RISK
7.41,0.57,344.3,22.0,SAFE
5.78,6.09,1426.5,26.8,ACID_MINE_DRAINAGE_RISK
5.73,10.0,574.3,27.7,IRON_MANGANESE_RISK
7.52,0.26,288.7,22.2,SAFE
5.56,9.64,720.4,30.1,ACID_MINE_DRAINAGE_RISK
6.52,13.9,514.4,26.6,IRON_MANGANESE_RISK
6.76,9.51,589.7,27.0,IRON_MANGANESE_RISK
6.66,8.62,669.0,29.9,IRON_MANGANESE_RISK
7.71,1.77,214.7,26.1,SAFE
6.55,9.15,775.1,26.5,IRON_MANGANESE_RISK
5.49,6.17,856.4,29.8,ACID_MINE_DRAINAGE_RISK
5.03,7.13,1084.1,26.5,ACID_MINE_DRAINAGE_RISK
6.92,0.91,302.3,26.3,SAFE
9.05,1.59,1671.6,30.0,FLUORIDE_RISK
7.66,0.3,277.9,26.1,SAFE
8.04,0.27,318.4,24.1,SAFE
6.66,0.31,382.3,27.9,SAFE
9.41,2.39,1255.2,28.7,FLUORIDE_RISK
6.91,28.56,659.4,28.1,MICROBIAL_RISK
7.4,1.54,398.0,26.5,SAFE
9.1,3.95,907.0,26.8,FLUORIDE_RISK
5.41,9.93,1065.6,29.4,ACID_MINE_DRAINAGE_RISK
5.83,10.87,846.4,29.0,ACID_MINE_DRAINAGE_RISK
4.95,4.39,1642.7,26.6,ACID_MINE_DRAINAGE_RISK
7.69,32.89,794.9,30.2,MICROBIAL_RISK
7.0,0.48,214.4,24.3,SAFE
6.47,0.67,248.5,23.0,SAFE
4.91,4.62,1179.8,30.4,ACID_MINE_DRAINAGE_RISK
5.33,6.05,905.2,26.5,ACID_MINE_DRAINAGE_RISK
4.91,4.51,1369.0,27.1,ACID_MINE_DRAINAGE_RISK
4.86,4.87,755.6,22.4,ACID_MINE_DRAINAGE_RISK
5.26,7.77,704.7,29.2,ACID_MINE_DRAINAGE_RISK
6.44,11.54,543.8,26.7,IRON_MANGANESE_RISK
6.44,0.18,262.5,29.6,SAFE
7.1,0.15,361.0,24.5,SAFE
6.07,19.64,635.2,26.0,IRON_MANGANESE_RISK
5.22,8.4,1195.4,28.6,ACID_MINE_DRAINAGE_RISK
6.84,0.11,328.7,19.9,SAFE
4.71,5.13,1123.2,27.4,ACID_MINE_DRAINAGE_RISK
6.89,0.88,397.6,26.3,SAFE
6.95,11.02,508.4,23.8,IRON_MANGANESE_RISK
6.82,13.0,693.3,26.5,IRON_MANGANESE_RISK
8.35,1.25,899.3,31.4,FLUORIDE_RISK
5.72,9.32,827.3,26.0,ACID_MINE_DRAINAGE_RISK
4.52,5.42,1112.4,26.6,ACID_MINE_DRAINAGE_RISK
4.76,5.98,679.1,25.0,ACID_MINE_DRAINAGE_RISK
5.91,19.09,933.7,25.1,IRON_MANGANESE_RISK
7.11,0.52,318.8,24.7,SAFE
7.46,0.12,232.1,23.9,SAFE
7.2,0.3,447.9,24.7,SAFE
8.97,2.74,1560.9,28.2,FLUORIDE_RISK
7.48,0.35,224.5,25.4,SAFE
6.04,7.13,1045.2,30.1,ACID_MINE_DRAINAGE_RISK
6.98,0.14,270.3,21.2,SAFE
6.75,12.17,609.7,27.9,MICROBIAL_RISK
5.24,5.99,1683.5,27.7,ACID_MINE_DRAINAGE_RISK
5.64,3.43,1224.2,25.8,ACID_MINE_DRAINAGE_RISK
5.04,2.69,1160.2,27.7,ACID_MINE_DRAINAGE_RISK
9.43,2.05,1332.5,29.2,FLUORIDE_RISK
7.16,1.36,350.2,24.9,SAFE
5.25,9.11,738.0,24.9,ACID_MINE_DRAINAGE_RISK
7.06,0.53,430.0,33.1,SAFE
8.82,1.76,1535.7,29.8,FLUORIDE_RISK
5.49,9.41,1048.9,26.7,ACID_MINE_DRAINAGE_RISK
5.7,8.14,1148.7,27.0,ACID_MINE_DRAINAGE_RISK
6.28,17.81,815.2,25.2,IRON_MANGANESE_RISK
7.0,1.08,248.5,22.9,SAFE
7.48,32.1,607.0,31.0,MICROBIAL_RISK
6.53,11.62,754.6,28.4,IRON_MANGANESE_RISK
6.51,18.28,646.0,24.2,IRON_MANGANESE_RISK
6.64,0.14,189.4,22.6,SAFE
6.31,14.12,741.3,25.1,IRON_MANGANESE_RISK
4.97,8.15,1334.4,23.0,ACID_MINE_DRAINAGE_RISK
6.99,0.3,386.4,24.4,SAFE
6.68,0.71,309.4,25.2,SAFE
7.41,0.73,78.4,25.6,SAFE
4.71,6.97,823.7,29.0,ACID_MINE_DRAINAGE_RISK
6.54,16.02,809.0,31.5,IRON_MANGANESE_RISK
7.0,0.51,391.2,22.9,SAFE
4.85,4.93,1103.8,29.4,ACID_MINE_DRAINAGE_RISK
6.89,1.2,251.3,28.4,SAFE
6.76,1.21,254.5,28.1,SAFE
8.7,2.48,1408.8,29.5,FLUORIDE_RISK
7.26,0.8,124.9,24.6,SAFE
5.41,4.46,1147.9,27.2,ACID_MINE_DRAINAGE_RISK
6.43,14.79,557.4,25.4,IRON_MANGANESE_RISK
6.27,14.56,711.2,25.8,IRON_MANGANESE_RISK
4.23,0.76,962.4,23.9,ACID_MINE_DRAINAGE_RISK
7.79,1.24,294.4,26.9,SAFE
4.42,5.82,1191.3,29.4,ACID_MINE_DRAINAGE_RISK
7.94,0.19,422.0,27.4,SAFE
6.82,0.85,451.4,25.6,SAFE
7.24,0.38,180.5,25.4,SAFE
6.33,10.02,265.6,25.6,IRON_MANGANESE_RISK
5.05,6.54,1234.5,26.9,ACID_MINE_DRAINAGE_RISK
4.39,9.29,1278.8,28.8,ACID_MINE_DRAINAGE_RISK
4.96,6.98,1345.2,25.1,ACID_MINE_DRAINAGE_RISK
4.36,2.83,1141.2,27.1,ACID_MINE_DRAINAGE_RISK
6.6,16.71,309.0,24.1,IRON_MANGANESE_RISK
7.26,0.93,188.5,22.9,SAFE
7.08,28.17,547.7,27.5,MICROBIAL_RISK
7.05,0.19,422.5,26.7,SAFE
5.3,5.58,775.5,30.9,ACID_MINE_DRAINAGE_RISK
6.16,8.97,614.9,26.9,IRON_MANGANESE_RISK
5.3,8.05,827.7,26.6,ACID_MINE_DRAINAGE_RISK
6.46,29.48,762.8,30.0,MICROBIAL_RISK
7.64,0.47,270.6,18.4,SAFE
7.91,0.21,206.1,24.2,SAFE
7.48,0.27,349.7,20.2,SAFE
5.38,4.71,1139.3,27.4,ACID_MINE_DRAINAGE_RISK
7.32,1.04,322.1,26.7,SAFE
6.84,31.9,736.5,29.6,MICROBIAL_RISK
7.86,0.21,414.0,29.5,SAFE
5.31,8.05,1048.1,28.6,ACID_MINE_DRAINAGE_RISK
6.79,0.33,357.6,27.1,SAFE
7.13,0.49,314.7,22.6,SAFE
7.44,0.4,212.5,20.2,SAFE
5.84,18.03,547.3,27.6,IRON_MANGANESE_RISK
5.93,3.39,922.5,25.5,ACID_MINE_DRAINAGE_RISK
8.9,1.04,1327.9,30.2,FLUORIDE_RISK
6.48,43.87,585.9,35.3,MICROBIAL_RISK
6.13,8.68,621.6,27.8,IRON_MANGANESE_RISK
6.29,0.11,711.4,23.3,IRON_MANGANESE_RISK
7.65,0.24,286.3,25.0,SAFE
5.53,7.59,1201.1,30.1,ACID_MINE_DRAINAGE_RISK
6.08,10.19,713.4,26.2,IRON_MANGANESE_RISK
7.72,0.43,375.2,17.3,SAFE
6.87,0.26,233.1,28.7,SAFE
6.65,7.1,548.4,28.4,IRON_MANGANESE_RISK
6.11,12.16,479.7,28.9,IRON_MANGANESE_RISK
5.88,14.34,528.8,24.3,IRON_MANGANESE_RISK
6.56,16.27,665.8,22.8,IRON_MANGANESE_RISK
6.64,12.46,687.5,30.0,IRON_MANGANESE_RISK
8.54,1.72,362.8,27.7,SAFE
6.64,13.7,813.1,27.8,IRON_MANGANESE_RISK
9.15,1.31,1282.5,25.7,FLUORIDE_RISK
7.72,0.6,395.0,25.0,SAFE
7.57,0.21,375.6,27.5,SAFE
7.28,0.26,356.4,27.7,SAFE
5.45,11.05,1110.0,26.4,ACID_MINE_DRAINAGE_RISK
6.48,5.39,814.6,25.0,IRON_MANGANESE_RISK
6.95,1.33,404.8,26.9,SAFE
7.74,1.17,474.8,23.9,SAFE
5.19,3.99,824.6,30.1,ACID_MINE_DRAINAGE_RISK
6.69,0.89,265.2,24.5,SAFE
6.24,7.17,482.5,28.5,IRON_MANGANESE_RISK
7.52,0.72,307.7,28.4,SAFE
7.88,0.43,286.9,25.8,SAFE
7.1,2.46,186.5,25.1,SAFE
7.0,2.22,301.6,22.2,SAFE
6.21,20.81,483.8,22.7,IRON_MANGANESE_RISK
7.27,0.29,204.0,27.8,SAFE
6.59,22.23,541.2,28.9,MICROBIAL_RISK
4.94,10.25,1411.9,30.0,ACID_MINE_DRAINAGE_RISK
5.71,3.69,870.6,29.5,ACID_MINE_DRAINAGE_RISK
8.98,1.63,1533.0,32.7,FLUORIDE_RISK
6.62,13.08,643.5,22.9,IRON_MANGANESE_RISK
5.41,6.23,1224.4,26.0,ACID_MINE_DRAINAGE_RISK
6.53,13.91,623.8,26.5,IRON_MANGANESE_RISK
8.79,0.52,1318.3,32.7,FLUORIDE_RISK
7.1,0.63,445.5,28.9,SAFE
7.1,0.23,341.1,26.1,SAFE
7.53,0.27,264.1,22.4,SAFE
7.27,0.89,262.7,29.8,SAFE
7.7,1.92,352.6,26.4,SAFE
6.42,16.97,722.3,23.5,IRON_MANGANESE_RISK
6.45,20.85,622.2,24.8,IRON_MANGANESE_RISK
9.22,3.69,1214.2,25.0,FLUORIDE_RISK
9.23,2.31,2092.4,26.6,FLUORIDE_RISK
7.06,0.45,457.6,26.6,SAFE
7.37,1.14,281.7,19.7,SAFE
7.31,0.13,166.4,27.4,SAFE
7.29,0.97,459.9,21.9,SAFE
7.19,0.14,297.6,26.6,SAFE
8.59,2.26,1740.5,27.7,FLUORIDE_RISK
7.06,0.27,555.9,28.7,SAFE
7.72,1.03,282.7,26.6,SAFE
7.0,18.84,356.4,31.4,MICROBIAL_RISK
8.9,1.62,1194.6,28.9,FLUORIDE_RISK
8.49,1.27,393.7,26.4,SAFE
8.78,3.07,1119.1,29.4,FLUORIDE_RISK
6.57,10.33,587.4,25.4,IRON_MANGANESE_RISK
7.34,0.21,459.6,22.9,SAFE
6.8,0.25,514.1,26.3,SAFE
7.24,0.26,272.6,28.1,SAFE
6.35,9.85,517.3,29.7,ACID_MINE_DRAINAGE_RISK
7.72,0.52,401.2,24.3,SAFE
4.49,6.71,868.6,27.6,ACID_MINE_DRAINAGE_RISK
7.47,0.24,255.5,27.6,SAFE
7.21,0.53,296.0,24.8,SAFE
6.39,10.94,954.3,27.9,IRON_MANGANESE_RISK
6.48,21.03,705.8,26.8,IRON_MANGANESE_RISK
5.77,13.25,614.2,28.9,IRON_MANGANESE_RISK
6.98,0.39,314.9,24.2,SAFE
5.66,4.98,1152.8,30.0,ACID_MINE_DRAINAGE_RISK
4.8,3.81,927.8,23.9,ACID_MINE_DRAINAGE_RISK
6.71,0.38,460.9,24.2,SAFE
6.6,9.45,619.8,26.0,IRON_MANGANESE_RISK
6.48,20.05,859.5,26.8,IRON_MANGANESE_RISK
6.43,19.64,711.5,24.3,IRON_MANGANESE_RISK
4.67,7.82,1137.7,26.7,ACID_MINE_DRAINAGE_RISK
6.46,15.25,905.0,28.1,IRON_MANGANESE_RISK
9.46,2.69,1422.3,25.5,FLUORIDE_RISK
6.15,11.39,486.6,24.4,IRON_MANGANESE_RISK
7.64,0.52,307.5,22.3,SAFE
6.86,18.43,739.5,27.9,IRON_MANGANESE_RISK
6.86,1.78,206.2,28.3,SAFE
7.54,0.25,244.1,20.4,SAFE
6.59,16.21,743.8,24.6,IRON_MANGANESE_RISK
7.53,0.82,239.3,19.1,SAFE
7.17,0.59,359.3,25.3,SAFE
7.19,1.47,293.6,27.2,SAFE
8.76,2.32,1237.8,28.8,FLUORIDE_RISK
7.6,1.27,369.0,24.7,SAFE
7.1,0.11,417.2,23.2,SAFE
5.75,3.22,1255.5,30.3,ACID_MINE_DRAINAGE_RISK
6.72,22.08,795.0,26.7,IRON_MANGANESE_RISK
5.19,6.56,1012.1,30.9,ACID_MINE_DRAINAGE_RISK
5.99,11.79,755.5,26.3,IRON_MANGANESE_RISK
9.01,0.12,1637.7,30.7,FLUORIDE_RISK
5.06,4.87,1397.4,29.9,ACID_MINE_DRAINAGE_RISK
8.09,0.82,320.3,21.1,SAFE
7.65,0.71,223.5,26.1,SAFE
7.0,11.88,599.7,26.7,IRON_MANGANESE_RISK
7.51,0.82,426.5,26.2,SAFE
7.29,20.16,887.4,27.8,MICROBIAL_RISK
4.91,7.47,1048.9,31.4,ACID_MINE_DRAINAGE_RISK
7.93,0.13,314.1,23.6,SAFE
7.67,1.39,340.9,21.6,SAFE
9.09,1.67,1513.6,26.3,FLUORIDE_RISK
6.7,15.01,773.1,25.9,IRON_MANGANESE_RISK
6.54,13.27,577.3,26.7,IRON_MANGANESE_RISK
8.99,1.64,1226.0,28.1,FLUORIDE_RISK
6.68,0.16,299.5,24.3,SAFE
6.42,24.3,446.5,32.1,MICROBIAL_RISK
7.11,0.28,291.8,29.1,SAFE
6.84,0.24,289.6,26.0,SAFE
7.29,0.32,252.1,29.1,SAFE
7.41,0.62,226.7,25.1,SAFE
5.04,2.06,1079.9,24.9,ACID_MINE_DRAINAGE_RISK
6.83,0.87,134.2,30.5,SAFE
6.64,12.34,770.9,28.4,IRON_MANGANESE_RISK
7.15,25.77,621.4,29.9,MICROBIAL_RISK
5.98,0.7,429.7,25.2,IRON_MANGANESE_RISK
9.21,0.44,1172.7,32.4,FLUORIDE_RISK
7.19,0.23,472.3,29.9,SAFE
4.36,8.15,575.8,29.2,ACID_MINE_DRAINAGE_RISK
6.47,9.61,561.7,24.3,IRON_MANGANESE_RISK
7.48,0.3,285.6,21.7,SAFE
7.39,1.06,262.6,24.3,SAFE
5.34,7.67,1230.0,24.6,ACID_MINE_DRAINAGE_RISK
7.46,0.27,295.4,25.9,SAFE
5.33,4.91,1214.6,21.8,ACID_MINE_DRAINAGE_RISK
7.07,0.5,245.1,23.0,SAFE
7.27,0.48,391.2,23.2,SAFE
5.37,11.35,749.7,29.9,ACID_MINE_DRAINAGE_RISK
7.15,0.12,272.1,21.7,SAFE
5.56,7.04,1227.1,36.8,ACID_MINE_DRAINAGE_RISK
7.32,0.45,279.0,24.1,SAFE
7.41,0.46,274.4,26.0,SAFE
4.61,5.13,1405.3,25.8,ACID_MINE_DRAINAGE_RISK
7.09,0.99,348.7,27.3,SAFE
4.43,6.06,1267.2,27.2,ACID_MINE_DRAINAGE_RISK
6.79,11.19,469.3,27.0,IRON_MANGANESE_RISK
7.38,0.67,226.2,28.4,SAFE
6.13,17.82,781.4,28.9,IRON_MANGANESE_RISK
6.66,17.77,507.0,28.4,MICROBIAL_RISK
7.7,1.74,282.7,23.6,SAFE
8.55,2.06,1105.7,28.7,FLUORIDE_RISK
6.1,0.48,416.5,27.3,SAFE
6.66,14.67,734.9,27.4,IRON_MANGANESE_RISK
6.92,0.41,459.8,24.2,SAFE
6.58,10.7,558.7,24.9,IRON_MANGANESE_RISK
4.47,7.07,1528.2,26.8,ACID_MINE_DRAINAGE_RISK
6.56,0.64,223.3,24.3,SAFE
7.66,0.35,328.5,27.6,SAFE
9.28,2.01,1831.7,30.3,FLUORIDE_RISK
7.42,0.34,310.2,25.3,SAFE
4.48,6.26,1137.2,25.3,ACID_MINE_DRAINAGE_RISK
6.42,13.15,507.2,26.2,IRON_MANGANESE_RISK
6.6,1.77,366.6,19.3,SAFE
6.96,0.13,286.9,30.7,SAFE
6.73,0.62,372.3,28.2,SAFE
6.26,5.34,600.7,28.3,IRON_MANGANESE_RISK
7.09,0.24,314.5,22.4,SAFE
4.83,7.88,1400.1,25.8,ACID_MINE_DRAINAGE_RISK
6.16,5.05,711.6,25.6,IRON_MANGANESE_RISK
7.38,0.56,355.9,24.9,SAFE
4.79,7.63,854.4,27.1,ACID_MINE_DRAINAGE_RISK
6.53,13.46,544.0,26.5,IRON_MANGANESE_RISK
8.63,1.33,1517.3,30.3,FLUORIDE_RISK
3.87,7.51,1206.9,23.1,ACID_MINE_DRAINAGE_RISK
7.85,0.17,234.5,19.6,SAFE
6.23,14.82,469.7,25.2,IRON_MANGANESE_RISK
6.82,1.37,296.6,20.5,SAFE
5.29,7.38,1036.0,30.4,ACID_MINE_DRAINAGE_RISK
5.96,7.01,1508.0,25.2,ACID_MINE_DRAINAGE_RISK
6.95,12.81,691.1,26.3,IRON_MANGANESE_RISK
6.78,6.13,482.4,25.6,IRON_MANGANESE_RISK
6.49,23.4,250.4,27.3,IRON_MANGANESE_RISK
6.59,0.12,440.6,22.9,SAFE
7.72,1.86,366.7,29.0,SAFE
7.11,2.88,325.9,24.0,SAFE
6.18,15.45,456.0,27.1,IRON_MANGANESE_RISK
6.4,0.2,420.9,24.1,SAFE
6.04,10.64,616.3,23.7,IRON_MANGANESE_RISK
7.44,0.11,290.1,23.5,SAFE
8.86,2.39,877.2,31.8,FLUORIDE_RISK
7.23,1.03,322.5,24.7,SAFE
5.08,7.36,1081.4,22.7,ACID_MINE_DRAINAGE_RISK
6.5,15.89,609.9,27.7,IRON_MANGANESE_RISK
6.45,0.43,354.6,26.4,SAFE
7.55,1.7,276.1,24.7,SAFE
6.94,1.33,87.4,23.9,SAFE
7.57,0.21,130.4,29.0,SAFE
6.49,13.31,624.5,24.4,IRON_MANGANESE_RISK
4.29,5.53,1139.5,26.8,ACID_MINE_DRAINAGE_RISK
6.28,16.1,479.3,27.0,IRON_MANGANESE_RISK
8.8,1.0,1224.3,24.8,FLUORIDE_RISK
6.25,16.07,795.9,25.2,IRON_MANGANESE_RISK
7.77,0.9,432.1,21.6,SAFE
7.66,1.31,466.4,24.2,SAFE
4.0,2.66,630.0,28.8,ACID_MINE_DRAINAGE_RISK
8.34,2.54,1612.8,32.2,FLUORIDE_RISK
7.42,1.12,373.1,22.8,SAFE
7.66,0.34,356.1,27.7,SAFE
6.11,8.34,1545.4,22.9,ACID_MINE_DRAINAGE_RISK
6.24,16.92,494.4,27.2,IRON_MANGANESE_RISK
6.01,15.14,501.8,24.3,IRON_MANGANESE_RISK
5.85,5.98,1233.4,26.2,ACID_MINE_DRAINAGE_RISK
7.29,0.28,326.1,24.2,SAFE
4.33,6.97,1351.9,23.9,ACID_MINE_DRAINAGE_RISK
7.75,43.61,427.2,30.0,MICROBIAL_RISK
6.63,1.6,404.7,21.8,SAFE
6.32,14.92,371.3,27.2,IRON_MANGANESE_RISK
6.49,18.73,824.1,25.8,IRON_MANGANESE_RISK
7.4,0.29,372.2,21.6,SAFE
4.96,6.62,873.8,29.9,ACID_MINE_DRAINAGE_RISK
5.81,16.83,536.0,26.6,IRON_MANGANESE_RISK
5.63,8.3,870.9,30.4,ACID_MINE_DRAINAGE_RISK
7.31,1.24,296.0,25.2,SAFE
5.43,6.75,889.6,30.5,ACID_MINE_DRAINAGE_RISK
6.66,0.26,297.4,23.1,SAFE
7.87,1.34,121.0,23.3,SAFE
7.71,0.41,416.5,28.4,SAFE
7.44,0.18,245.0,30.2,SAFE
6.61,16.13,704.2,29.5,IRON_MANGANESE_RISK
5.1,5.35,665.5,29.6,ACID_MINE_DRAINAGE_RISK
7.44,0.18,524.4,23.1,SAFE
5.22,4.24,712.8,27.6,ACID_MINE_DRAINAGE_RISK
6.28,6.45,890.6,24.3,ACID_MINE_DRAINAGE_RISK
6.05,7.94,1449.9,23.6,ACID_MINE_DRAINAGE_RISK
5.46,4.2,593.6,29.0,ACID_MINE_DRAINAGE_RISK
8.59,2.78,1160.6,32.6,FLUORIDE_RISK
5.72,9.29,682.7,24.0,IRON_MANGANESE_RISK
6.86,26.67,529.4,25.7,MICROBIAL_RISK
6.47,0.41,265.1,19.6,SAFE
5.99,21.97,533.1,26.3,IRON_MANGANESE_RISK
7.3,27.38,376.6,32.9,MICROBIAL_RISK
6.18,4.42,1009.6,24.2,ACID_MINE_DRAINAGE_RISK
6.29,22.66,828.6,26.4,IRON_MANGANESE_RISK
7.71,1.07,254.7,25.2,SAFE
4.98,8.51,907.3,25.9,ACID_MINE_DRAINAGE_RISK
8.09,0.15,209.1,28.6,SAFE
7.43,0.49,407.6,26.3,SAFE
6.46,13.6,715.4,20.9,IRON_MANGANESE_RISK
5.21,7.68,1444.8,26.8,ACID_MINE_DRAINAGE_RISK
6.83,24.78,759.0,28.3,MICROBIAL_RISK
7.35,1.5,272.8,21.1,SAFE
4.78,7.31,1402.1,29.9,ACID_MINE_DRAINAGE_RISK
4.76,7.61,1375.3,28.2,ACID_MINE_DRAINAGE_RISK
5.91,6.63,1244.2,23.6,ACID_MINE_DRAINAGE_RISK
5.4,3.28,1173.2,27.4,ACID_MINE_DRAINAGE_RISK
6.22,7.82,669.8,24.8,IRON_MANGANESE_RISK
5.24,5.53,996.6,25.8,ACID_MINE_DRAINAGE_RISK
6.8,0.4,85.6,31.2,SAFE
7.22,0.52,335.1,30.1,SAFE
9.47,2.24,1470.7,33.8,FLUORIDE_RISK
7.54,1.85,281.0,27.5,SAFE
7.26,0.18,313.5,20.1,SAFE
7.35,2.83,345.5,25.4,SAFE
7.69,0.15,151.5,21.7,SAFE
6.16,5.6,1084.0,24.5,ACID_MINE_DRAINAGE_RISK
7.09,1.98,442.4,27.0,SAFE
6.74,0.16,274.7,26.5,SAFE
6.24,8.38,1046.8,24.2,IRON_MANGANESE_RISK
6.01,14.18,657.7,25.0,IRON_MANGANESE_RISK
4.28,5.01,1369.5,25.6,ACID_MINE_DRAINAGE_RISK
6.06,7.59,1218.9,25.0,ACID_MINE_DRAINAGE_RISK
5.35,0.97,1376.0,27.4,ACID_MINE_DRAINAGE_RISK
7.3,0.78,239.9,24.1,SAFE
7.07,0.76,226.1,17.1,SAFE
7.09,0.64,225.6,25.8,SAFE
6.36,10.49,1269.7,25.0,ACID_MINE_DRAINAGE_RISK
7.78,0.6,270.1,27.6,SAFE
4.45,8.14,1307.0,26.3,ACID_MINE_DRAINAGE_RISK
8.28,0.28,464.8,20.6,SAFE
4.0,6.42,1260.1,27.3,ACID_MINE_DRAINAGE_RISK
6.94,0.69,315.1,18.4,SAFE
5.82,6.4,1112.5,29.3,ACID_MINE_DRAINAGE_RISK
5.21,5.76,1428.0,27.8,ACID_MINE_DRAINAGE_RISK
5.22,5.07,902.5,25.4,ACID_MINE_DRAINAGE_RISK
7.0,0.59,195.5,30.6,SAFE
5.14,3.27,926.1,24.7,ACID_MINE_DRAINAGE_RISK
5.9,9.46,1073.2,29.5,ACID_MINE_DRAINAGE_RISK
5.86,9.37,856.7,29.5,ACID_MINE_DRAINAGE_RISK
8.82,2.16,1307.8,27.6,FLUORIDE_RISK
9.51,1.8,1684.6,26.5,FLUORIDE_RISK
6.16,7.23,734.0,26.4,IRON_MANGANESE_RISK
7.58,0.81,378.8,24.7,SAFE
7.47,0.77,362.5,29.9,SAFE
6.51,0.43,323.8,28.9,SAFE
7.61,0.41,253.3,23.1,SAFE
6.33,16.98,713.2,26.5,IRON_MANGANESE_RISK
5.95,9.37,646.5,24.5,IRON_MANGANESE_RISK
6.98,1.09,230.9,23.9,SAFE
9.12,2.13,1615.2,29.6,FLUORIDE_RISK
8.65,0.89,1818.9,34.1,FLUORIDE_RISK
5.11,5.6,918.0,27.9,ACID_MINE_DRAINAGE_RISK
7.42,1.93,415.4,21.2,SAFE
6.65,12.29,710.3,24.6,IRON_MANGANESE_RISK
6.06,17.28,640.3,26.1,IRON_MANGANESE_RISK
7.22,1.23,464.5,21.6,SAFE
6.28,8.62,681.7,26.2,IRON_MANGANESE_RISK
6.18,9.69,1062.1,28.3,ACID_MINE_DRAINAGE_RISK
7.64,1.2,417.5,28.2,SAFE
7.44,0.17,368.7,27.8,SAFE
7.21,2.05,405.2,29.4,SAFE
7.7,0.4,261.6,26.3,SAFE
7.32,0.37,342.5,18.6,SAFE
5.11,9.12,815.6,27.1,ACID_MINE_DRAINAGE_RISK
7.03,27.15,639.5,33.4,MICROBIAL_RISK
5.94,5.55,1227.6,25.8,ACID_MINE_DRAINAGE_RISK
4.38,0.71,1314.5,24.9,ACID_MINE_DRAINAGE_RISK
5.64,2.32,1099.3,27.1,ACID_MINE_DRAINAGE_RISK
8.76,1.67,1338.8,25.1,FLUORIDE_RISK
7.49,0.21,374.4,26.0,SAFE
5.2,6.58,839.5,23.9,ACID_MINE_DRAINAGE_RISK
4.21,5.04,1182.3,30.1,ACID_MINE_DRAINAGE_RISK
7.12,0.45,328.3,31.1,SAFE
8.84,3.0,1447.0,29.2,FLUORIDE_RISK
6.77,34.59,547.1,30.0,MICROBIAL_RISK
8.99,1.35,1023.7,27.2,FLUORIDE_RISK
6.7,12.01,532.7,24.5,IRON_MANGANESE_RISK
7.39,0.31,213.9,19.5,SAFE
8.53,1.79,1724.8,26.7,FLUORIDE_RISK
6.98,26.8,480.8,27.9,MICROBIAL_RISK
6.83,1.02,345.3,22.3,SAFE
7.49,0.57,282.6,26.8,SAFE
7.14,1.25,320.6,24.0,SAFE
6.21,10.44,522.2,23.1,IRON_MANGANESE_RISK
6.81,0.81,332.8,23.5,SAFE
4.56,8.14,1302.7,24.5,ACID_MINE_DRAINAGE_RISK
5.35,5.95,914.4,25.7,ACID_MINE_DRAINAGE_RISK
7.26,1.97,309.3,26.2,SAFE
7.14,1.87,225.3,26.2,SAFE
7.08,2.49,425.2,23.3,SAFE
6.83,0.19,359.0,25.8,SAFE
6.66,13.19,570.8,28.1,IRON_MANGANESE_RISK
6.73,0.2,419.0,26.1,SAFE
7.19,0.26,293.0,27.9,SAFE
4.28,4.04,1451.2,25.8,ACID_MINE_DRAINAGE_RISK
5.42,5.19,1223.4,30.2,ACID_MINE_DRAINAGE_RISK
6.86,0.8,290.8,24.5,SAFE
4.74,3.04,966.0,26.3,ACID_MINE_DRAINAGE_RISK
8.9,1.63,1338.4,26.7,FLUORIDE_RISK
9.1,1.15,1751.0,28.8,FLUORIDE_RISK
4.27,6.89,825.7,23.3,ACID_MINE_DRAINAGE_RISK
6.51,13.46,742.7,29.0,IRON_MANGANESE_RISK
8.44,1.64,1540.5,28.9,FLUORIDE_RISK
5.28,6.25,956.0,19.8,ACID_MINE_DRAINAGE_RISK
7.36,0.96,388.0,23.4,SAFE
5.74,5.52,1350.4,30.5,ACID_MINE_DRAINAGE_RISK
6.61,12.67,814.1,25.8,IRON_MANGANESE_RISK
6.23,20.46,601.7,28.7,IRON_MANGANESE_RISK
6.74,0.93,206.8,25.7,SAFE
7.25,0.25,453.2,24.7,SAFE
5.43,6.65,1337.4,24.5,ACID_MINE_DRAINAGE_RISK
5.61,5.84,1015.9,29.4,ACID_MINE_DRAINAGE_RISK
5.38,7.68,919.8,30.8,ACID_MINE_DRAINAGE_RISK
6.6,14.24,708.2,28.5,IRON_MANGANESE_RISK
6.77,1.47,292.0,22.7,SAFE
5.91,20.02,824.7,25.8,IRON_MANGANESE_RISK
7.52,0.22,354.3,21.4,SAFE
6.32,22.74,735.6,24.8,IRON_MANGANESE_RISK
7.06,0.33,409.3,25.6,SAFE
6.58,13.66,700.0,26.3,IRON_MANGANESE_RISK
4.74,7.41,1177.8,22.3,ACID_MINE_DRAINAGE_RISK
4.41,7.37,1464.5,23.3,ACID_MINE_DRAINAGE_RISK
7.24,29.53,580.7,32.9,MICROBIAL_RISK
7.75,0.65,440.6,34.5,SAFE
6.85,0.54,364.3,23.4,SAFE
7.25,0.74,253.9,19.9,SAFE
4.82,7.88,1051.3,27.0,ACID_MINE_DRAINAGE_RISK
7.63,0.9,317.6,23.4,SAFE
7.96,0.5,348.9,32.2,SAFE
7.45,0.5,259.2,24.6,SAFE
7.1,0.23,370.7,29.7,SAFE
7.31,0.62,414.2,24.4,SAFE
7.09,0.46,313.0,30.1,SAFE
8.04,0.33,297.9,22.6,SAFE
7.94,0.3,384.2,22.8,SAFE
6.39,4.48,1339.2,28.3,ACID_MINE_DRAINAGE_RISK
7.21,0.5,336.4,27.3,SAFE
4.64,3.42,1148.1,29.9,ACID_MINE_DRAINAGE_RISK
5.04,7.48,915.5,27.5,ACID_MINE_DRAINAGE_RISK
6.44,16.84,683.1,24.0,IRON_MANGANESE_RISK
6.69,13.05,762.5,26.6,IRON_MANGANESE_RISK
4.86,4.58,1290.9,29.8,ACID_MINE_DRAINAGE_RISK
7.53,0.49,263.6,26.7,SAFE
6.77,0.34,226.1,24.7,SAFE
6.94,25.56,596.0,28.6,MICROBIAL_RISK
4.88,6.62,1085.3,25.7,ACID_MINE_DRAINAGE_RISK
6.66,14.32,820.9,25.2,IRON_MANGANESE_RISK
7.37,0.37,353.4,24.7,SAFE
7.39,0.82,367.6,23.2,SAFE
6.35,11.5,502.9,23.8,IRON_MANGANESE_RISK
7.64,35.09,512.5,30.5,MICROBIAL_RISK
6.72,13.25,548.6,23.8,IRON_MANGANESE_RISK
6.87,7.88,894.4,25.3,IRON_MANGANESE_RISK
7.24,0.49,294.4,23.6,SAFE
6.88,0.14,396.6,25.6,SAFE
7.97,0.43,400.0,22.8,SAFE
6.09,5.8,1124.6,27.4,ACID_MINE_DRAINAGE_RISK
5.07,8.73,1101.1,28.5,ACID_MINE_DRAINAGE_RISK
6.89,13.48,815.7,21.3,IRON_MANGANESE_RISK
6.89,23.88,549.2,29.9,MICROBIAL_RISK
7.75,0.58,399.2,24.3,SAFE
7.39,0.13,421.0,25.0,SAFE
7.49,0.48,285.4,27.4,SAFE
7.14,1.01,262.3,20.4,SAFE
7.24,0.34,306.0,26.5,SAFE
6.57,27.51,508.1,32.0,MICROBIAL_RISK
6.48,11.96,523.0,24.8,IRON_MANGANESE_RISK
7.26,0.66,231.4,23.8,SAFE
6.38,13.36,790.5,22.6,IRON_MANGANESE_RISK
8.36,1.41,295.5,27.2,SAFE
3.5,7.93,1160.9,24.3,ACID_MINE_DRAINAGE_RISK
7.03,4.13,194.3,25.3,SAFE
7.05,0.2,359.5,16.4,SAFE
7.07,0.32,299.4,27.4,SAFE
8.34,1.54,1457.4,27.7,FLUORIDE_RISK
5.91,15.3,379.4,21.2,IRON_MANGANESE_RISK
7.64,2.38,319.6,28.5,SAFE
5.25,2.7,1137.6,31.8,ACID_MINE_DRAINAGE_RISK
6.47,38.84,446.7,31.0,MICROBIAL_RISK
6.96,1.01,167.2,29.4,SAFE
5.05,9.18,963.3,25.1,ACID_MINE_DRAINAGE_RISK
4.67,6.91,1649.1,28.2,ACID_MINE_DRAINAGE_RISK
5.07,9.14,1149.7,31.1,ACID_MINE_DRAINAGE_RISK
7.55,0.16,139.1,22.3,SAFE
9.13,1.57,1432.1,29.7,FLUORIDE_RISK
8.08,0.29,341.7,24.6,SAFE
7.09,0.33,158.3,24.7,SAFE
6.77,0.62,150.1,28.5,SAFE
5.68,7.16,947.5,27.4,ACID_MINE_DRAINAGE_RISK
6.2,16.03,585.5,23.0,IRON_MANGANESE_RISK
7.22,1.94,416.5,20.4,SAFE
4.87,4.8,913.7,25.3,ACID_MINE_DRAINAGE_RISK
4.52,8.26,773.2,23.0,ACID_MINE_DRAINAGE_RISK
6.65,20.86,704.0,30.1,MICROBIAL_RISK
8.78,2.6,1111.8,31.3,FLUORIDE_RISK
6.61,0.81,246.7,22.7,SAFE
6.71,12.14,381.8,27.9,IRON_MANGANESE_RISK
7.54,33.45,381.6,31.5,MICROBIAL_RISK
7.38,0.94,187.1,26.5,SAFE
5.62,1.99,1142.6,29.4,ACID_MINE_DRAINAGE_RISK
4.71,6.57,1088.2,23.0,ACID_MINE_DRAINAGE_RISK
7.31,0.33,212.5,24.3,SAFE
6.63,1.68,352.3,27.1,SAFE
7.56,0.98,366.5,25.9,SAFE
6.15,21.44,797.3,29.4,IRON_MANGANESE_RISK
6.3,0.71,310.0,22.6,SAFE
6.86,0.81,330.8,23.5,SAFE
7.48,0.19,326.3,28.2,SAFE
5.28,4.56,1139.3,27.4,ACID_MINE_DRAINAGE_RISK
4.86,4.96,1244.0,26.6,ACID_MINE_DRAINAGE_RISK
5.41,8.55,1181.1,25.7,ACID_MINE_DRAINAGE_RISK
6.74,3.74,417.8,22.3,SAFE
8.61,2.41,1603.4,31.8,FLUORIDE_RISK
7.83,0.73,276.7,24.8,SAFE
7.52,0.47,390.1,24.7,SAFE
4.72,7.0,1252.2,27.7,ACID_MINE_DRAINAGE_RISK
6.52,2.26,291.9,18.3,SAFE
7.75,0.85,421.2,22.3,SAFE
6.85,0.74,328.2,23.6,SAFE
8.86,2.57,1209.2,28.3,FLUORIDE_RISK
6.23,16.78,826.0,25.5,IRON_MANGANESE_RISK
8.99,0.54,1386.2,31.4,FLUORIDE_RISK
6.95,0.95,328.0,21.2,SAFE
7.43,0.22,329.9,23.1,SAFE
6.78,15.15,476.4,23.3,IRON_MANGANESE_RISK
5.55,10.0,1489.3,28.3,ACID_MINE_DRAINAGE_RISK
6.23,9.37,777.5,26.8,IRON_MANGANESE_RISK
6.64,31.73,744.1,32.5,MICROBIAL_RISK
6.65,16.06,580.8,27.5,IRON_MANGANESE_RISK
5.22,6.3,1119.7,25.8,ACID_MINE_DRAINAGE_RISK
6.96,0.26,364.3,27.6,SAFE
7.3,0.19,320.3,29.9,SAFE
9.02,1.03,1273.2,27.4,FLUORIDE_RISK
6.84,16.16,573.8,22.3,IRON_MANGANESE_RISK
4.52,3.12,704.1,28.0,ACID_MINE_DRAINAGE_RISK
9.05,1.56,1538.0,26.6,FLUORIDE_RISK
9.1,1.74,1093.9,31.1,FLUORIDE_RISK
7.07,0.19,297.9,24.5,SAFE
6.13,9.43,731.2,28.7,IRON_MANGANESE_RISK
4.34,9.45,1386.1,23.5,ACID_MINE_DRAINAGE_RISK
7.61,0.46,333.4,27.8,SAFE
6.73,18.8,486.4,27.6,IRON_MANGANESE_RISK
6.47,12.79,617.2,27.5,IRON_MANGANESE_RISK
4.07,1.67,1367.3,25.1,ACID_MINE_DRAINAGE_RISK
9.01,2.27,1419.9,28.4,FLUORIDE_RISK
7.39,0.87,377.7,27.6,SAFE
6.91,0.38,239.6,26.1,SAFE
6.61,9.13,894.3,22.8,IRON_MANGANESE_RISK
7.62,4.5,274.3,22.9,SAFE
6.15,19.81,652.1,24.8,IRON_MANGANESE_RISK
7.18,1.12,260.1,24.3,SAFE
7.31,0.42,328.3,23.3,SAFE
7.63,0.13,336.8,22.0,SAFE
9.27,1.79,1982.8,27.3,FLUORIDE_RISK
6.26,9.68,558.0,26.4,IRON_MANGANESE_RISK
7.36,0.49,320.8,24.2,SAFE
6.79,17.71,684.3,29.5,IRON_MANGANESE_RISK
4.21,3.77,1036.6,26.1,ACID_MINE_DRAINAGE_RISK
7.5,0.9,325.4,18.9,SAFE
7.19,0.96,402.9,25.2,SAFE
4.91,5.9,1102.2,31.1,ACID_MINE_DRAINAGE_RISK
4.75,4.28,1292.9,27.9,ACID_MINE_DRAINAGE_RISK
7.8,0.26,407.7,26.3,SAFE
5.46,5.51,950.6,31.9,ACID_MINE_DRAINAGE_RISK
5.41,3.45,595.7,19.9,ACID_MINE_DRAINAGE_RISK
6.15,5.52,1041.6,33.6,ACID_MINE_DRAINAGE_RISK
6.65,1.58,301.6,26.1,SAFE
5.02,8.26,1638.7,26.2,ACID_MINE_DRAINAGE_RISK
6.92,0.69,438.6,24.2,SAFE
7.17,1.67,227.3,23.1,SAFE
6.1,3.41,1339.4,24.7,ACID_MINE_DRAINAGE_RISK
7.18,31.84,393.4,31.6,MICROBIAL_RISK
6.11,18.13,884.6,23.7,IRON_MANGANESE_RISK
6.78,39.77,436.1,27.9,MICROBIAL_RISK
7.57,0.3,204.5,23.6,SAFE
6.79,0.1,220.2,27.9,SAFE
7.51,0.2,360.8,28.8,SAFE
6.7,0.38,396.8,27.0,SAFE
5.45,6.19,1247.1,26.8,ACID_MINE_DRAINAGE_RISK
9.37,1.31,1627.8,29.5,FLUORIDE_RISK
7.44,1.93,511.1,28.6,SAFE
5.12,5.82,1149.7,28.3,ACID_MINE_DRAINAGE_RISK
6.41,12.79,637.9,19.7,IRON_MANGANESE_RISK
7.31,0.97,479.7,21.4,SAFE
5.07,6.84,1070.4,24.3,ACID_MINE_DRAINAGE_RISK
7.24,21.67,524.1,27.3,MICROBIAL_RISK
6.61,1.6,669.3,24.9,IRON_MANGANESE_RISK
5.33,4.33,1124.5,29.8,ACID_MINE_DRAINAGE_RISK
8.82,2.27,1338.9,29.5,FLUORIDE_RISK
7.04,0.69,414.7,23.2,SAFE
6.79,0.85,373.5,25.8,SAFE
7.71,0.43,359.7,22.5,SAFE
6.4,10.1,746.8,26.0,IRON_MANGANESE_RISK
5.75,5.68,281.2,25.0,ACID_MINE_DRAINAGE_RISK
5.27,7.23,677.3,24.6,ACID_MINE_DRAINAGE_RISK
4.2,7.55,1083.3,30.6,ACID_MINE_DRAINAGE_RISK
7.19,1.89,288.0,22.3,SAFE
4.79,7.72,612.7,21.9,ACID_MINE_DRAINAGE_RISK
5.54,6.25,1194.1,24.8,ACID_MINE_DRAINAGE_RISK
4.61,4.65,1263.1,30.6,ACID_MINE_DRAINAGE_RISK
7.13,0.6,372.8,22.6,SAFE
7.16,1.34,353.2,29.0,SAFE
6.95,1.52,307.3,24.4,SAFE
5.51,6.0,673.0,27.8,ACID_MINE_DRAINAGE_RISK
6.66,9.25,738.2,27.2,IRON_MANGANESE_RISK
4.61,5.34,891.3,23.4,ACID_MINE_DRAINAGE_RISK
6.16,14.3,752.8,25.7,IRON_MANGANESE_RISK
5.01,10.01,896.9,26.3,ACID_MINE_DRAINAGE_RISK
8.73,2.18,662.6,34.9,FLUORIDE_RISK
5.17,8.04,940.9,27.1,ACID_MINE_DRAINAGE_RISK
7.65,0.19,395.9,24.2,SAFE
7.41,0.27,210.8,22.9,SAFE
5.21,6.41,1136.7,25.7,ACID_MINE_DRAINAGE_RISK
7.32,0.55,420.6,21.3,SAFE
7.39,0.33,212.8,26.3,SAFE
7.53,0.31,369.1,28.0,SAFE
6.81,14.69,708.6,25.1,IRON_MANGANESE_RISK
6.21,10.91,891.4,26.5,IRON_MANGANESE_RISK
7.55,1.87,254.2,21.3,SAFE
5.1,4.86,1036.5,24.6,ACID_MINE_DRAINAGE_RISK
7.57,0.2,368.3,20.9,SAFE
6.72,1.06,247.9,26.8,SAFE
7.41,0.18,254.1,29.0,SAFE
8.34,0.78,1513.4,31.2,FLUORIDE_RISK
4.87,8.73,1191.5,27.2,ACID_MINE_DRAINAGE_RISK
6.13,16.35,862.1,26.9,IRON_MANGANESE_RISK
6.25,13.7,521.4,25.0,IRON_MANGANESE_RISK
6.9,0.41,491.6,27.7,SAFE
6.26,16.17,650.5,28.5,IRON_MANGANESE_RISK
6.98,23.25,352.9,32.6,MICROBIAL_RISK
8.92,1.22,1974.4,31.1,FLUORIDE_RISK
7.71,0.23,287.7,25.7,SAFE
6.78,10.33,750.5,28.1,IRON_MANGANESE_RISK
5.22,6.37,1225.8,26.2,ACID_MINE_DRAINAGE_RISK
6.69,34.41,472.9,29.3,MICROBIAL_RISK
7.63,0.87,402.7,22.9,SAFE
6.02,6.3,847.9,21.8,ACID_MINE_DRAINAGE_RISK
7.48,1.09,140.4,26.2,SAFE
5.73,10.29,506.0,26.3,IRON_MANGANESE_RISK
5.27,5.95,1117.3,27.5,ACID_MINE_DRAINAGE_RISK
6.54,4.83,1043.8,24.8,ACID_MINE_DRAINAGE_RISK
6.34,0.12,345.0,30.3,SAFE
5.58,4.38,994.1,25.9,ACID_MINE_DRAINAGE_RISK
4.51,4.42,1436.1,30.2,ACID_MINE_DRAINAGE_RISK
6.18,13.43,889.7,27.5,IRON_MANGANESE_RISK
7.08,0.61,321.7,18.7,SAFE
9.51,1.42,1506.8,24.5,FLUORIDE_RISK
4.97,12.19,791.4,24.4,ACID_MINE_DRAINAGE_RISK
4.84,7.73,1347.2,28.3,ACID_MINE_DRAINAGE_RISK
8.84,2.38,1611.5,30.3,FLUORIDE_RISK
8.26,0.27,494.8,22.9,SAFE
4.58,8.91,889.5,27.3,ACID_MINE_DRAINAGE_RISK
5.6,9.18,581.4,26.9,ACID_MINE_DRAINAGE_RISK
5.36,8.58,1044.6,27.7,ACID_MINE_DRAINAGE_RISK
8.54,0.9,1662.8,28.5,FLUORIDE_RISK
7.68,0.4,288.8,24.0,SAFE
6.76,1.58,322.5,29.8,SAFE
6.82,27.56,467.5,26.7,MICROBIAL_RISK
7.54,0.87,195.6,29.6,SAFE
5.15,4.02,1134.0,27.2,ACID_MINE_DRAINAGE_RISK
6.87,0.11,396.5,32.0,SAFE
6.81,27.79,664.6,30.4,MICROBIAL_RISK
6.37,22.35,353.0,33.4,MICROBIAL_RISK
6.79,0.8,253.6,22.7,SAFE
8.92,2.36,1807.2,29.7,FLUORIDE_RISK
7.52,31.2,544.2,27.9,MICROBIAL_RISK
5.13,7.12,851.2,32.8,ACID_MINE_DRAINAGE_RISK
7.17,0.23,371.6,25.0,SAFE
7.97,0.66,272.8,22.8,SAFE
6.64,2.13,294.0,22.2,SAFE
7.58,0.23,265.3,24.8,SAFE
6.97,0.15,367.1,27.0,SAFE
9.03,2.48,1567.8,29.6,FLUORIDE_RISK
5.45,5.37,988.8,25.6,ACID_MINE_DRAINAGE_RISK
7.07,0.14,362.9,23.7,SAFE
6.72,17.63,668.5,25.8,IRON_MANGANESE_RISK
6.34,13.59,798.5,23.6,IRON_MANGANESE_RISK
6.53,10.52,648.4,26.3,IRON_MANGANESE_RISK
8.47,0.45,341.8,18.8,SAFE
4.57,10.01,852.0,25.6,ACID_MINE_DRAINAGE_RISK
4.85,4.01,1237.4,31.5,ACID_MINE_DRAINAGE_RISK
7.92,0.1,160.4,25.7,SAFE
8.77,1.17,1031.7,31.0,FLUORIDE_RISK
8.95,1.5,1514.1,26.2,FLUORIDE_RISK
6.14,5.93,1459.7,24.8,ACID_MINE_DRAINAGE_RISK
8.44,1.12,1727.7,27.7,FLUORIDE_RISK
8.75,2.6,2181.2,24.2,FLUORIDE_RISK
6.77,9.9,659.3,26.2,IRON_MANGANESE_RISK
8.58,2.41,1331.8,26.6,FLUORIDE_RISK
7.62,0.16,252.5,26.9,SAFE
8.01,0.17,321.1,23.8,SAFE
3.57,5.43,1204.0,28.5,ACID_MINE_DRAINAGE_RISK
5.67,4.66,1516.8,28.0,ACID_MINE_DRAINAGE_RISK
4.58,3.01,1400.6,27.4,ACID_MINE_DRAINAGE_RISK
7.64,0.46,380.1,27.0,SAFE
4.92,7.78,1319.3,26.5,ACID_MINE_DRAINAGE_RISK
9.15,2.14,1160.3,27.2,FLUORIDE_RISK
6.69,0.33,279.7,23.8,SAFE
4.66,1.56,912.7,28.2,ACID_MINE_DRAINAGE_RISK
6.49,18.76,527.2,28.2,IRON_MANGANESE_RISK
7.08,0.14,213.1,27.2,SAFE
6.37,7.44,1228.7,26.1,ACID_MINE_DRAINAGE_RISK
6.71,0.57,219.0,27.0,SAFE
6.08,20.48,712.4,23.6,IRON_MANGANESE_RISK
6.81,16.39,391.3,24.6,IRON_MANGANESE_RISK
7.86,0.47,481.1,26.7,SAFE
8.84,1.55,1707.4,29.9,FLUORIDE_RISK
8.65,1.66,999.9,27.6,FLUORIDE_RISK
7.19,0.64,418.7,24.2,SAFE
7.04,2.05,305.6,29.1,SAFE
7.22,0.21,363.2,27.0,SAFE
7.34,0.26,334.0,22.1,SAFE
8.96,1.79,1294.7,29.0,FLUORIDE_RISK
6.46,22.42,302.1,31.1,MICROBIAL_RISK
7.4,4.38,415.5,22.0,SAFE
6.91,0.21,392.9,23.0,SAFE
8.8,2.42,1133.8,29.6,FLUORIDE_RISK
5.7,4.25,1165.2,26.9,ACID_MINE_DRAINAGE_RISK
7.19,0.52,143.9,28.4,SAFE
8.63,1.93,1798.7,27.2,FLUORIDE_RISK
7.66,0.33,175.4,24.2,SAFE
6.85,25.66,437.2,30.1,MICROBIAL_RISK
7.22,0.44,200.2,26.9,SAFE
5.58,3.39,818.6,24.3,ACID_MINE_DRAINAGE_RISK
7.27,1.72,354.5,27.2,SAFE
5.37,6.55,968.9,28.3,ACID_MINE_DRAINAGE_RISK
6.94,1.71,454.8,25.1,SAFE
8.63,2.88,996.2,25.2,FLUORIDE_RISK
3.79,9.23,730.9,28.1,ACID_MINE_DRAINAGE_RISK
4.95,1.77,1177.9,24.0,ACID_MINE_DRAINAGE_RISK
4.86,6.51,1248.1,27.5,ACID_MINE_DRAINAGE_RISK
7.01,1.26,213.3,24.1,SAFE
6.99,0.97,390.1,23.1,SAFE
4.47,5.07,805.2,27.1,ACID_MINE_DRAINAGE_RISK
4.39,6.07,498.4,23.4,ACID_MINE_DRAINAGE_RISK
7.13,0.12,214.9,27.4,SAFE
7.58,1.24,271.0,17.2,SAFE
6.89,23.18,444.0,28.3,MICROBIAL_RISK
7.08,1.55,212.0,30.3,SAFE
9.5,2.71,1419.5,27.3,FLUORIDE_RISK
5.69,10.0,942.8,26.3,ACID_MINE_DRAINAGE_RISK
3.91,5.83,1096.9,31.0,ACID_MINE_DRAINAGE_RISK
7.42,0.77,340.0,25.3,SAFE
6.22,12.51,575.0,25.7,IRON_MANGANESE_RISK
6.08,8.05,567.3,30.0,ACID_MINE_DRAINAGE_RISK
7.51,8.93,609.4,30.3,MICROBIAL_RISK
7.47,0.18,287.1,28.1,SAFE
5.98,13.45,556.1,26.3,IRON_MANGANESE_RISK
3.78,10.5,1275.8,28.3,ACID_MINE_DRAINAGE_RISK
6.62,14.25,694.3,26.6,IRON_MANGANESE_RISK
6.88,0.2,117.5,22.6,SAFE
6.99,1.68,463.9,27.6,SAFE
9.26,0.58,1601.4,30.1,FLUORIDE_RISK
7.55,0.1,139.6,22.8,SAFE
7.04,1.08,251.5,23.2,SAFE
4.87,7.85,1045.1,25.4,ACID_MINE_DRAINAGE_RISK
6.79,14.84,625.9,31.0,IRON_MANGANESE_RISK
7.29,0.2,329.5,21.3,SAFE
5.67,3.16,1633.9,25.7,ACID_MINE_DRAINAGE_RISK
5.54,11.59,1217.2,25.8,ACID_MINE_DRAINAGE_RISK
5.9,10.13,915.1,29.6,ACID_MINE_DRAINAGE_RISK
5.08,6.43,1293.8,24.4,ACID_MINE_DRAINAGE_RISK
6.39,15.59,612.2,30.0,IRON_MANGANESE_RISK
6.47,15.09,500.3,26.0,IRON_MANGANESE_RISK
7.09,0.22,241.6,19.1,SAFE
5.1,4.49,1174.3,23.8,ACID_MINE_DRAINAGE_RISK
6.09,7.48,1391.9,25.2,ACID_MINE_DRAINAGE_RISK
6.41,5.92,719.9,29.4,ACID_MINE_DRAINAGE_RISK
7.0,0.36,350.6,28.5,SAFE
7.43,0.26,204.5,27.1,SAFE
7.21,0.86,397.6,24.5,SAFE
7.61,0.54,334.7,23.8,SAFE
5.72,6.73,972.3,20.6,ACID_MINE_DRAINAGE_RISK
6.93,1.84,225.3,24.0,SAFE
5.87,13.8,462.5,27.2,IRON_MANGANESE_RISK
5.34,4.47,1191.7,25.1,ACID_MINE_DRAINAGE_RISK
9.16,2.56,1697.9,27.8,FLUORIDE_RISK
4.22,5.65,1157.9,29.0,ACID_MINE_DRAINAGE_RISK
4.76,1.68,1000.7,31.0,ACID_MINE_DRAINAGE_RISK
5.44,10.12,1334.7,26.6,ACID_MINE_DRAINAGE_RISK
8.92,0.45,1361.3,28.2,FLUORIDE_RISK
8.41,2.9,1248.5,28.4,FLUORIDE_RISK
6.73,22.36,599.1,26.8,MICROBIAL_RISK
5.11,8.23,1279.1,22.7,ACID_MINE_DRAINAGE_RISK
5.9,9.45,1617.5,30.2,ACID_MINE_DRAINAGE_RISK
5.88,1.11,233.3,25.4,SAFE
6.11,12.63,499.0,26.1,IRON_MANGANESE_RISK
8.73,1.21,935.1,25.1,FLUORIDE_RISK
6.02,13.33,660.3,22.5,IRON_MANGANESE_RISK
7.77,0.85,480.2,23.8,SAFE
8.68,1.67,1442.4,27.0,FLUORIDE_RISK
5.06,5.64,578.6,29.4,ACID_MINE_DRAINAGE_RISK
6.49,19.12,610.4,22.4,IRON_MANGANESE_RISK
7.41,0.76,309.3,25.4,SAFE
6.54,12.95,733.4,22.2,IRON_MANGANESE_RISK
6.65,0.23,290.4,23.7,SAFE
4.37,3.08,823.4,27.3,ACID_MINE_DRAINAGE_RISK
7.43,0.44,289.7,27.1,SAFE
7.53,0.61,433.0,21.3,SAFE
5.41,2.08,1191.7,26.0,ACID_MINE_DRAINAGE_RISK
7.38,0.51,316.4,21.3,SAFE
6.94,0.44,347.1,26.7,SAFE
7.17,1.57,278.5,27.6,SAFE
5.83,15.03,562.0,25.6,IRON_MANGANESE_RISK
7.14,25.45,595.2,29.8,MICROBIAL_RISK
6.68,0.83,546.7,27.1,SAFE
6.97,0.61,356.2,23.9,SAFE
8.24,2.02,1704.7,25.3,FLUORIDE_RISK
5.02,7.98,1073.3,31.9,ACID_MINE_DRAINAGE_RISK
4.9,2.25,1562.8,26.3,ACID_MINE_DRAINAGE_RISK
8.81,1.72,2379.5,27.9,FLUORIDE_RISK
7.45,0.46,375.6,28.5,SAFE
5.18,6.19,515.5,23.8,ACID_MINE_DRAINAGE_RISK
9.0,2.68,1882.6,29.0,FLUORIDE_RISK
6.96,0.15,125.2,27.1,SAFE
5.02,4.39,1558.6,28.5,ACID_MINE_DRAINAGE_RISK
7.06,0.73,186.0,19.7,SAFE
7.42,0.21,345.1,27.0,SAFE
7.37,0.61,286.4,19.8,SAFE
6.82,0.76,203.5,30.6,SAFE
5.53,5.14,1831.8,24.5,ACID_MINE_DRAINAGE_RISK
6.94,0.8,370.2,20.9,SAFE
4.02,4.53,1034.7,29.7,ACID_MINE_DRAINAGE_RISK
6.02,12.66,380.9,24.9,IRON_MANGANESE_RISK
7.06,1.46,267.4,22.9,SAFE
7.43,0.15,248.3,26.1,SAFE
6.94,0.84,190.6,26.1,SAFE
6.43,9.94,402.3,25.1,IRON_MANGANESE_RISK
4.21,10.68,915.7,24.9,ACID_MINE_DRAINAGE_RISK
5.53,5.93,752.4,23.4,ACID_MINE_DRAINAGE_RISK
7.48,0.67,400.5,28.1,SAFE
7.09,1.33,120.2,25.9,SAFE
5.01,9.15,876.6,26.0,ACID_MINE_DRAINAGE_RISK
3.56,6.26,903.8,31.4,ACID_MINE_DRAINAGE_RISK
7.6,31.25,491.8,28.2,MICROBIAL_RISK
7.74,0.15,336.8,26.9,SAFE
4.44,6.91,834.4,26.7,ACID_MINE_DRAINAGE_RISK
7.54,0.66,340.3,22.3,SAFE
6.11,10.82,665.4,21.4,IRON_MANGANESE_RISK
4.6,9.81,1439.4,31.5,ACID_MINE_DRAINAGE_RISK
4.31,8.43,1100.3,23.1,ACID_MINE_DRAINAGE_RISK
6.69,16.71,485.2,22.6,IRON_MANGANESE_RISK
7.35,0.21,322.0,27.1,SAFE
6.24,13.51,740.4,25.1,IRON_MANGANESE_RISK
6.33,3.15,1045.8,35.1,ACID_MINE_DRAINAGE_RISK
6.67,17.4,833.6,26.7,IRON_MANGANESE_RISK
4.74,6.23,1005.4,24.1,ACID_MINE_DRAINAGE_RISK
6.44,20.61,743.5,26.5,IRON_MANGANESE_RISK
6.55,14.38,494.5,24.3,IRON_MANGANESE_RISK
6.93,10.81,656.1,26.9,IRON_MANGANESE_RISK
6.28,17.75,466.5,26.6,IRON_MANGANESE_RISK
8.53,2.72,1084.8,29.7,FLUORIDE_RISK
6.83,0.24,244.6,23.4,SAFE
8.47,1.34,877.7,27.1,FLUORIDE_RISK
6.38,15.79,679.9,28.2,IRON_MANGANESE_RISK
7.36,0.73,476.5,24.6,SAFE
9.19,1.74,1947.7,24.4,FLUORIDE_RISK
7.49,25.46,534.0,32.1,MICROBIAL_RISK
6.7,0.11,162.8,23.2,SAFE
4.67,5.22,1137.8,31.9,ACID_MINE_DRAINAGE_RISK
7.65,0.14,184.4,26.8,SAFE
6.62,17.82,832.8,30.4,IRON_MANGANESE_RISK
7.16,0.68,320.2,29.6,SAFE
7.64,0.81,212.5,23.9,SAFE
6.66,17.98,673.9,29.5,IRON_MANGANESE_RISK
6.77,6.62,1280.6,26.1,ACID_MINE_DRAINAGE_RISK
8.26,0.98,253.1,28.3,SAFE
7.16,0.64,362.8,25.6,SAFE
5.37,3.82,1425.6,28.8,ACID_MINE_DRAINAGE_RISK
7.81,0.13,324.4,23.6,SAFE
6.77,14.54,635.7,25.3,IRON_MANGANESE_RISK
6.99,1.95,312.4,25.8,SAFE
5.08,7.5,1161.4,28.8,ACID_MINE_DRAINAGE_RISK
5.03,3.64,1121.9,27.6,ACID_MINE_DRAINAGE_RISK
8.68,2.3,1119.7,29.0,FLUORIDE_RISK
7.01,0.9,292.4,19.4,SAFE
5.42,4.68,1360.2,23.8,ACID_MINE_DRAINAGE_RISK
7.0,0.43,350.8,27.5,SAFE
6.97,1.38,310.8,25.4,SAFE
4.98,4.57,1337.6,30.2,ACID_MINE_DRAINAGE_RISK
4.61,2.86,1175.5,25.6,ACID_MINE_DRAINAGE_RISK
4.5,8.59,807.1,23.9,ACID_MINE_DRAINAGE_RISK
7.74,1.47,274.3,16.5,SAFE
7.76,1.37,148.9,24.6,SAFE
8.92,1.5,1006.7,29.1,FLUORIDE_RISK
5.87,8.66,977.8,25.5,ACID_MINE_DRAINAGE_RISK
7.59,0.28,355.9,20.6,SAFE
4.87,6.86,1317.9,23.9,ACID_MINE_DRAINAGE_RISK
4.18,5.59,1527.8,28.8,ACID_MINE_DRAINAGE_RISK
6.53,0.23,212.5,23.8,SAFE
8.85,0.83,1927.4,30.7,FLUORIDE_RISK
7.38,0.45,404.2,24.8,SAFE
6.18,18.49,708.1,23.9,IRON_MANGANESE_RISK
7.29,0.32,398.5,27.0,SAFE
6.21,0.42,308.0,23.5,SAFE
7.15,0.13,202.0,28.1,SAFE
6.88,19.22,795.0,33.7,MICROBIAL_RISK
6.87,9.15,974.0,22.3,IRON_MANGANESE_RISK
8.76,0.76,1181.9,24.4,FLUORIDE_RISK
7.87,0.45,321.3,28.6,SAFE
6.39,7.2,640.0,26.4,IRON_MANGANESE_RISK
7.69,0.29,283.5,28.9,SAFE
4.97,8.92,942.1,27.1,ACID_MINE_DRAINAGE_RISK
7.62,0.18,230.5,24.4,SAFE
4.54,4.37,1240.6,28.6,ACID_MINE_DRAINAGE_RISK
8.77,1.32,1599.3,29.8,FLUORIDE_RISK
5.49,3.44,890.0,27.1,ACID_MINE_DRAINAGE_RISK
4.47,5.53,548.7,30.5,ACID_MINE_DRAINAGE_RISK
8.5,1.49,1120.8,29.4,FLUORIDE_RISK
6.1,13.37,696.2,24.8,IRON_MANGANESE_RISK
8.94,3.43,1557.5,27.8,FLUORIDE_RISK
7.41,1.37,258.0,23.8,SAFE
4.86,6.71,1327.6,26.5,ACID_MINE_DRAINAGE_RISK
6.68,31.37,524.4,31.8,MICROBIAL_RISK
7.35,0.89,334.9,22.2,SAFE
7.56,0.8,294.5,20.6,SAFE
6.33,19.87,725.8,26.9,IRON_MANGANESE_RISK
6.17,10.38,541.6,25.3,IRON_MANGANESE_RISK
7.21,1.53,204.7,25.9,SAFE
6.23,6.21,796.8,24.4,IRON_MANGANESE_RISK
6.66,22.3,532.1,27.4,IRON_MANGANESE_RISK
6.07,23.3,570.7,27.9,IRON_MANGANESE_RISK
5.04,7.51,1214.3,23.4,ACID_MINE_DRAINAGE_RISK
4.82,5.21,1254.8,30.5,ACID_MINE_DRAINAGE_RISK
7.34,0.72,284.5,24.1,SAFE
6.32,12.04,589.7,27.9,IRON_MANGANESE_RISK
6.73,27.09,502.8,29.7,MICROBIAL_RISK
7.49,32.99,321.5,27.9,MICROBIAL_RISK
8.41,0.7,237.0,25.0,SAFE
7.16,0.46,181.4,30.7,SAFE
5.64,9.31,971.9,28.7,ACID_MINE_DRAINAGE_RISK
4.02,9.46,605.2,26.6,ACID_MINE_DRAINAGE_RISK
7.2,0.79,305.0,26.2,SAFE
6.44,13.31,814.8,26.7,IRON_MANGANESE_RISK
5.14,5.86,765.7,30.1,ACID_MINE_DRAINAGE_RISK
7.23,23.88,504.8,30.9,MICROBIAL_RISK
7.81,0.51,387.4,27.3,SAFE
4.52,10.82,1343.2,24.7,ACID_MINE_DRAINAGE_RISK
7.35,0.31,217.2,22.4,SAFE
6.49,12.54,725.6,27.0,IRON_MANGANESE_RISK
7.63,39.86,396.1,29.7,MICROBIAL_RISK
6.84,13.57,559.8,30.7,MICROBIAL_RISK
4.69,7.73,1065.5,26.4,ACID_MINE_DRAINAGE_RISK
7.52,0.56,365.8,22.4,SAFE
7.84,2.07,282.7,24.4,SAFE
4.49,2.8,765.1,27.3,ACID_MINE_DRAINAGE_RISK
4.9,7.79,975.1,26.8,ACID_MINE_DRAINAGE_RISK
7.87,0.71,242.1,22.7,SAFE
6.17,12.15,312.1,26.7,IRON_MANGANESE_RISK
8.41,0.97,1294.1,25.4,FLUORIDE_RISK
6.83,0.62,399.7,27.0,SAFE
7.24,0.75,274.9,23.9,SAFE
6.96,0.21,281.4,18.8,SAFE
5.7,1.93,1254.0,29.6,ACID_MINE_DRAINAGE_RISK
8.63,1.57,1676.0,23.3,FLUORIDE_RISK
7.6,0.63,205.3,25.4,SAFE
5.34,9.8,1127.0,24.7,ACID_MINE_DRAINAGE_RISK
6.56,18.89,720.9,24.4,IRON_MANGANESE_RISK
6.38,12.57,834.1,23.6,IRON_MANGANESE_RISK
7.62,1.06,334.0,28.2,SAFE
7.2,2.48,421.5,26.5,SAFE
7.53,0.11,264.3,21.3,SAFE
5.95,3.9,1423.1,28.5,ACID_MINE_DRAINAGE_RISK
7.16,3.19,700.9,25.3,IRON_MANGANESE_RISK
7.27,2.34,290.5,27.4,SAFE
4.98,9.42,1225.3,27.0,ACID_MINE_DRAINAGE_RISK
6.57,15.84,881.1,28.5,IRON_MANGANESE_RISK
7.49,0.28,364.1,22.1,SAFE
7.58,0.23,278.7,21.9,SAFE
3.5,9.49,711.5,30.9,ACID_MINE_DRAINAGE_RISK
7.46,1.27,366.5,21.7,SAFE
6.4,12.88,439.6,25.8,IRON_MANGANESE_RISK
6.73,18.87,722.0,28.8,IRON_MANGANESE_RISK
4.9,6.45,1276.8,30.7,ACID_MINE_DRAINAGE_RISK
6.34,8.82,683.1,27.0,IRON_MANGANESE_RISK
6.39,22.57,579.5,26.3,IRON_MANGANESE_RISK
7.76,0.33,340.3,19.6,SAFE
7.45,0.19,287.3,24.2,SAFE
4.17,5.73,1486.2,28.3,ACID_MINE_DRAINAGE_RISK
7.81,0.2,157.3,21.3,SAFE
5.85,19.31,574.4,24.8,IRON_MANGANESE_RISK
5.41,0.05,1223.1,24.5,ACID_MINE_DRAINAGE_RISK
8.88,0.44,1207.1,29.0,FLUORIDE_RISK
5.65,8.22,1280.8,31.1,ACID_MINE_DRAINAGE_RISK
5.56,6.5,1372.4,32.9,ACID_MINE_DRAINAGE_RISK
5.14,2.44,871.6,21.7,ACID_MINE_DRAINAGE_RISK
6.84,11.6,564.8,32.9,MICROBIAL_RISK
6.47,9.46,526.3,24.5,IRON_MANGANESE_RISK
7.14,0.17,259.0,24.2,SAFE
4.9,5.51,1089.6,24.3,ACID_MINE_DRAINAGE_RISK
8.02,0.24,241.7,30.4,SAFE
7.55,1.27,464.8,25.8,SAFE
6.3,15.39,547.2,27.3,IRON_MANGANESE_RISK
7.27,0.72,357.3,24.6,SAFE
7.63,3.36,269.6,23.8,SAFE
4.15,4.7,869.0,23.9,ACID_MINE_DRAINAGE_RISK
8.84,1.4,1524.0,31.8,FLUORIDE_RISK
7.61,35.49,613.2,30.1,MICROBIAL_RISK
6.94,0.22,294.8,25.8,SAFE
4.35,7.03,917.6,22.6,ACID_MINE_DRAINAGE_RISK
7.49,0.1,263.8,27.3,SAFE
7.37,0.22,425.0,27.8,SAFE
6.06,10.7,828.7,25.7,IRON_MANGANESE_RISK
4.4,5.86,1404.1,21.0,ACID_MINE_DRAINAGE_RISK
7.88,0.78,296.8,27.2,SAFE
7.4,0.59,336.8,29.4,SAFE
7.72,0.63,313.5,28.1,SAFE
6.58,15.33,276.1,25.0,IRON_MANGANESE_RISK
7.78,0.16,236.4,30.4,SAFE
4.82,6.99,1451.4,28.2,ACID_MINE_DRAINAGE_RISK
6.64,15.33,1090.3,23.9,IRON_MANGANESE_RISK
8.86,2.54,1236.0,24.7,FLUORIDE_RISK
6.9,1.28,246.2,25.6,SAFE
7.1,0.35,312.6,24.5,SAFE
6.32,15.46,358.8,21.2,IRON_MANGANESE_RISK
8.92,3.08,1722.5,29.6,FLUORIDE_RISK
7.63,0.91,304.4,30.1,SAFE
8.29,0.54,243.9,30.4,SAFE
6.39,14.13,317.4,23.7,IRON_MANGANESE_RISK
6.62,8.8,617.7,28.0,IRON_MANGANESE_RISK
9.26,1.81,1467.4,27.8,FLUORIDE_RISK
7.13,0.8,376.5,21.7,SAFE
7.57,0.42,391.2,23.2,SAFE
7.07,10.37,825.2,26.7,IRON_MANGANESE_RISK
4.53,4.23,512.4,31.2,ACID_MINE_DRAINAGE_RISK
5.26,5.29,945.0,25.5,ACID_MINE_DRAINAGE_RISK
5.36,2.92,890.6,21.7,ACID_MINE_DRAINAGE_RISK
4.82,5.49,1056.4,29.5,ACID_MINE_DRAINAGE_RISK
5.1,5.14,1598.0,31.6,ACID_MINE_DRAINAGE_RISK
6.23,11.12,648.9,23.7,IRON_MANGANESE_RISK
7.23,0.19,285.1,25.9,SAFE
8.03,0.11,281.2,26.4,SAFE
5.66,2.07,955.5,26.4,ACID_MINE_DRAINAGE_RISK
7.18,0.74,215.9,32.3,SAFE
7.27,21.66,815.3,31.5,MICROBIAL_RISK
6.44,9.52,536.8,26.1,IRON_MANGANESE_RISK
5.88,10.95,650.9,27.7,IRON_MANGANESE_RISK
7.55,0.75,395.9,24.5,SAFE
6.98,15.03,648.3,28.1,IRON_MANGANESE_RISK
6.99,0.4,376.9,26.2,SAFE
5.5,4.99,801.4,24.9,ACID_MINE_DRAINAGE_RISK
6.23,12.8,405.9,26.4,IRON_MANGANESE_RISK
7.28,0.15,334.4,22.6,SAFE
4.14,1.73,1106.2,25.3,ACID_MINE_DRAINAGE_RISK
4.35,7.62,923.1,25.7,ACID_MINE_DRAINAGE_RISK
6.94,32.33,390.7,28.7,MICROBIAL_RISK
5.67,6.64,1205.6,25.8,ACID_MINE_DRAINAGE_RISK
6.32,10.08,570.8,24.6,IRON_MANGANESE_RISK
6.46,1.87,427.1,27.2,SAFE
7.01,0.19,285.5,27.4,SAFE
6.07,24.24,912.6,25.9,IRON_MANGANESE_RISK
7.59,0.14,344.3,26.3,SAFE
4.67,3.92,1031.3,24.3,ACID_MINE_DRAINAGE_RISK
5.11,4.54,1313.3,27.6,ACID_MINE_DRAINAGE_RISK
6.4,12.85,822.6,25.5,IRON_MANGANESE_RISK
4.91,5.43,1341.2,30.2,ACID_MINE_DRAINAGE_RISK
5.68,9.02,633.2,25.4,ACID_MINE_DRAINAGE_RISK
7.0,25.06,604.3,27.3,MICROBIAL_RISK
7.77,0.28,240.2,19.7,SAFE
6.61,14.07,650.6,24.8,IRON_MANGANESE_RISK
5.77,7.08,1224.7,26.1,ACID_MINE_DRAINAGE_RISK
7.39,0.74,329.9,23.3,SAFE
8.88,1.42,1440.9,28.0,FLUORIDE_RISK
8.08,0.24,329.5,22.9,SAFE
5.91,6.56,1180.2,29.5,ACID_MINE_DRAINAGE_RISK
7.01,0.6,456.7,21.1,SAFE
9.29,2.11,1199.5,25.7,FLUORIDE_RISK
6.71,0.63,280.0,24.8,SAFE
7.54,0.87,397.0,21.8,SAFE
7.75,0.29,297.7,25.0,SAFE
7.61,0.15,177.8,24.5,SAFE
9.06,2.37,1683.1,32.5,FLUORIDE_RISK
5.91,8.68,1621.4,28.1,ACID_MINE_DRAINAGE_RISK
7.43,0.15,499.5,16.8,SAFE
7.01,7.5,566.5,26.1,IRON_MANGANESE_RISK
4.9,7.3,1505.4,31.1,ACID_MINE_DRAINAGE_RISK
6.75,0.21,277.4,28.1,SAFE
6.06,2.57,866.9,21.3,ACID_MINE_DRAINAGE_RISK
8.67,1.64,1580.7,29.4,FLUORIDE_RISK
9.04,2.17,993.3,30.5,FLUORIDE_RISK
7.08,0.6,218.3,21.5,SAFE
5.3,9.14,987.7,28.7,ACID_MINE_DRAINAGE_RISK
4.94,6.43,1588.3,28.7,ACID_MINE_DRAINAGE_RISK
5.39,10.52,711.7,28.7,ACID_MINE_DRAINAGE_RISK
7.94,0.34,153.5,27.6,SAFE
7.84,0.94,423.3,29.2,SAFE
5.44,6.11,1185.7,30.1,ACID_MINE_DRAINAGE_RISK
7.06,0.49,231.4,25.4,SAFE
6.55,2.38,324.2,27.6,SAFE
7.0,10.07,457.9,23.9,IRON_MANGANESE_RISK
6.73,6.34,880.6,23.5,ACID_MINE_DRAINAGE_RISK
6.8,1.33,390.3,19.2,SAFE
5.01,9.24,596.7,22.3,ACID_MINE_DRAINAGE_RISK
6.12,18.25,585.0,29.5,IRON_MANGANESE_RISK
7.15,1.22,252.8,27.1,SAFE
7.18,0.12,187.8,29.0,SAFE
6.33,38.69,528.4,28.9,MICROBIAL_RISK
7.32,0.61,262.8,22.9,SAFE
7.09,0.52,428.2,20.0,SAFE
4.96,7.27,1218.9,28.5,ACID_MINE_DRAINAGE_RISK
6.24,0.91,374.9,27.2,SAFE
6.22,9.59,344.8,25.3,IRON_MANGANESE_RISK
6.14,12.39,690.8,25.9,IRON_MANGANESE_RISK
6.82,0.14,479.1,30.7,SAFE
5.03,5.53,1271.8,30.0,ACID_MINE_DRAINAGE_RISK
5.83,18.75,505.3,25.2,IRON_MANGANESE_RISK
7.01,1.1,378.4,22.2,SAFE
9.65,3.19,855.6,27.4,FLUORIDE_RISK
5.19,6.58,1079.5,29.5,ACID_MINE_DRAINAGE_RISK
6.33,17.45,636.5,27.0,IRON_MANGANESE_RISK
5.18,6.66,1303.3,24.9,ACID_MINE_DRAINAGE_RISK
5.63,4.67,1595.0,28.6,ACID_MINE_DRAINAGE_RISK
8.25,0.41,289.8,30.2,SAFE
5.15,3.71,665.2,29.8,ACID_MINE_DRAINAGE_RISK
3.74,3.7,1097.8,23.8,ACID_MINE_DRAINAGE_RISK
7.29,1.72,451.1,28.2,SAFE
5.25,8.32,943.0,30.2,ACID_MINE_DRAINAGE_RISK
7.23,30.31,455.0,28.5,MICROBIAL_RISK
7.58,0.12,284.5,24.4,SAFE
7.16,0.26,343.4,29.1,SAFE
6.53,0.17,202.3,28.6,SAFE
6.71,16.88,923.0,25.8,IRON_MANGANESE_RISK
5.49,8.39,1089.7,27.0,ACID_MINE_DRAINAGE_RISK
6.16,15.55,853.9,25.7,IRON_MANGANESE_RISK
7.04,0.34,389.9,25.2,SAFE
6.66,23.7,722.1,25.4,IRON_MANGANESE_RISK
9.17,1.62,1880.9,26.7,FLUORIDE_RISK
6.11,5.67,1079.7,26.9,ACID_MINE_DRAINAGE_RISK
8.09,0.34,316.9,28.3,SAFE
6.72,17.45,647.7,20.1,IRON_MANGANESE_RISK
7.04,0.32,329.8,23.7,SAFE
7.71,0.34,260.5,23.0,SAFE
6.25,13.46,489.0,30.0,IRON_MANGANESE_RISK
5.14,3.87,856.9,25.9,ACID_MINE_DRAINAGE_RISK
7.0,0.54,230.6,29.6,SAFE
6.02,10.09,586.7,26.1,IRON_MANGANESE_RISK
7.55,0.87,310.6,27.1,SAFE
6.84,8.5,579.0,31.9,IRON_MANGANESE_RISK
5.53,8.05,1122.4,26.3,ACID_MINE_DRAINAGE_RISK
4.82,6.55,1402.7,25.5,ACID_MINE_DRAINAGE_RISK
7.46,0.89,283.9,21.9,SAFE
7.83,0.38,243.6,22.3,SAFE
6.44,19.8,459.5,24.2,IRON_MANGANESE_RISK
9.1,0.85,2033.1,26.6,FLUORIDE_RISK
7.57,1.1,403.0,27.3,SAFE
4.63,10.25,1240.6,23.9,ACID_MINE_DRAINAGE_RISK
6.94,12.73,576.5,33.9,MICROBIAL_RISK
6.51,17.6,776.9,25.3,IRON_MANGANESE_RISK
7.17,1.26,345.1,25.6,SAFE
6.99,8.77,598.2,26.1,IRON_MANGANESE_RISK
4.0,7.92,1248.8,30.5,ACID_MINE_DRAINAGE_RISK
7.46,0.13,385.3,21.8,SAFE
4.87,8.25,631.2,29.9,ACID_MINE_DRAINAGE_RISK
4.93,2.24,1258.3,27.2,ACID_MINE_DRAINAGE_RISK
7.41,20.71,517.6,29.5,MICROBIAL_RISK
5.41,2.08,883.7,25.7,ACID_MINE_DRAINAGE_RISK
5.22,2.61,1109.9,23.4,ACID_MINE_DRAINAGE_RISK
7.76,0.17,382.6,22.7,SAFE
5.07,7.0,671.2,29.0,ACID_MINE_DRAINAGE_RISK
5.12,2.05,1475.7,28.9,ACID_MINE_DRAINAGE_RISK
4.81,7.5,1202.0,28.5,ACID_MINE_DRAINAGE_RISK
6.93,0.31,403.8,22.2,SAFE
7.05,0.49,212.2,22.1,SAFE
7.77,0.46,239.4,26.1,SAFE
7.13,0.39,369.7,26.1,SAFE
7.64,0.79,429.2,24.8,SAFE
6.2,29.56,750.2,29.3,MICROBIAL_RISK
8.79,2.3,1698.1,24.7,FLUORIDE_RISK
6.48,17.23,610.3,24.5,IRON_MANGANESE_RISK
5.03,5.57,1223.0,24.3,ACID_MINE_DRAINAGE_RISK
3.5,6.05,1531.4,27.3,ACID_MINE_DRAINAGE_RISK
4.99,8.13,882.3,26.8,ACID_MINE_DRAINAGE_RISK
4.62,5.25,1536.2,33.0,ACID_MINE_DRAINAGE_RISK
7.67,0.23,438.4,30.3,SAFE
4.95,2.44,861.4,28.5,ACID_MINE_DRAINAGE_RISK
6.45,13.71,531.4,28.0,IRON_MANGANESE_RISK
4.86,11.57,876.8,23.9,ACID_MINE_DRAINAGE_RISK
7.45,0.36,156.1,23.9,SAFE
7.54,0.17,316.8,29.2,SAFE
6.79,14.05,502.9,27.5,IRON_MANGANESE_RISK
6.9,14.83,579.9,21.5,IRON_MANGANESE_RISK
7.55,0.68,319.2,28.0,SAFE
6.14,13.15,420.1,23.7,IRON_MANGANESE_RISK
6.18,10.42,478.6,26.3,IRON_MANGANESE_RISK
7.16,0.36,222.0,25.2,SAFE
7.89,0.91,200.8,23.1,SAFE
6.44,0.27,317.5,24.2,SAFE
6.38,18.76,750.1,25.9,IRON_MANGANESE_RISK
7.85,0.9,236.9,27.5,SAFE
9.03,2.45,1484.7,29.1,FLUORIDE_RISK
7.0,0.4,311.8,23.0,SAFE
7.87,0.64,233.2,23.9,SAFE
6.49,11.07,515.4,24.7,IRON_MANGANESE_RISK
8.89,1.53,1445.7,27.5,FLUORIDE_RISK
4.62,5.52,1476.3,24.3,ACID_MINE_DRAINAGE_RISK
7.13,17.34,553.5,24.2,IRON_MANGANESE_RISK
6.98,0.54,261.5,26.9,SAFE
7.34,0.72,339.7,28.9,SAFE
7.73,0.13,251.7,27.1,SAFE
6.11,21.41,587.3,23.8,IRON_MANGANESE_RISK
7.16,0.62,154.5,25.3,SAFE
5.23,9.74,658.6,26.0,ACID_MINE_DRAINAGE_RISK
7.74,2.15,289.2,18.8,SAFE
6.05,20.08,329.6,27.5,IRON_MANGANESE_RISK
4.6,7.93,1257.1,28.7,ACID_MINE_DRAINAGE_RISK
6.12,9.88,577.4,26.0,IRON_MANGANESE_RISK
7.28,0.59,346.7,24.1,SAFE
7.26,0.51,196.3,22.9,SAFE
6.95,0.86,302.8,29.6,SAFE
6.21,15.67,565.9,24.9,IRON_MANGANESE_RISK
7.46,0.48,272.2,27.1,SAFE
5.59,9.08,747.8,28.1,ACID_MINE_DRAINAGE_RISK
7.64,0.8,267.4,28.0,SAFE
7.22,0.17,363.7,29.7,SAFE
7.28,0.29,346.6,21.0,SAFE
9.07,0.82,1614.8,26.8,FLUORIDE_RISK
7.18,1.05,221.1,31.6,SAFE
6.28,41.1,348.2,27.4,MICROBIAL_RISK
5.92,14.28,756.8,25.5,IRON_MANGANESE_RISK
7.36,0.52,292.4,25.0,SAFE
8.38,1.66,361.6,21.8,SAFE
9.44,1.3,1629.8,29.5,FLUORIDE_RISK
4.61,8.2,1306.5,24.5,ACID_MINE_DRAINAGE_RISK
6.43,17.24,541.3,26.1,IRON_MANGANESE_RISK
5.18,1.1,942.4,30.3,ACID_MINE_DRAINAGE_RISK
5.98,9.9,741.1,28.9,IRON_MANGANESE_RISK
5.08,10.35,1152.0,24.6,ACID_MINE_DRAINAGE_RISK
9.42,1.57,1583.2,30.5,FLUORIDE_RISK
9.08,1.29,1554.4,31.3,FLUORIDE_RISK
7.18,0.64,497.5,25.2,SAFE
7.14,22.9,513.1,32.3,MICROBIAL_RISK
6.54,0.2,375.1,25.2,SAFE
9.26,2.29,1738.7,27.1,FLUORIDE_RISK
4.6,4.42,930.0,25.0,ACID_MINE_DRAINAGE_RISK
7.38,0.38,354.2,30.2,SAFE
3.92,8.91,1280.3,27.8,ACID_MINE_DRAINAGE_RISK
6.23,10.41,582.7,26.5,IRON_MANGANESE_RISK
6.69,17.72,694.0,24.9,IRON_MANGANESE_RISK
6.38,13.12,678.7,23.7,IRON_MANGANESE_RISK
9.23,1.53,1150.0,34.0,FLUORIDE_RISK
8.82,1.51,1431.1,27.4,FLUORIDE_RISK
7.41,0.67,398.9,22.3,SAFE
5.14,5.95,1020.0,26.8,ACID_MINE_DRAINAGE_RISK
6.11,15.44,731.2,24.0,IRON_MANGANESE_RISK
6.96,0.29,92.0,26.6,SAFE
4.48,10.44,928.3,25.7,ACID_MINE_DRAINAGE_RISK
7.64,0.76,384.8,26.4,SAFE
4.23,13.66,874.5,34.1,ACID_MINE_DRAINAGE_RISK
6.29,15.19,580.3,25.8,IRON_MANGANESE_RISK
7.02,0.5,206.7,28.9,SAFE
5.45,5.83,1141.7,29.6,ACID_MINE_DRAINAGE_RISK
7.22,0.34,425.7,29.0,SAFE
7.25,1.27,212.8,23.5,SAFE
6.9,0.66,278.7,28.3,SAFE
7.27,0.72,381.8,27.3,SAFE
8.99,1.93,1462.0,23.3,FLUORIDE_RISK
7.19,0.22,283.4,25.9,SAFE
6.63,8.97,843.4,25.4,IRON_MANGANESE_RISK
5.46,5.54,974.5,30.8,ACID_MINE_DRAINAGE_RISK
5.3,6.06,1440.0,26.5,ACID_MINE_DRAINAGE_RISK
5.61,0.05,805.3,27.4,ACID_MINE_DRAINAGE_RISK
7.91,0.28,327.1,23.5,SAFE
7.46,0.79,244.7,25.1,SAFE
9.4,0.67,1743.4,27.8,FLUORIDE_RISK
6.74,2.4,428.2,31.3,SAFE
6.25,13.99,875.7,27.6,IRON_MANGANESE_RISK
4.63,8.34,960.2,25.8,ACID_MINE_DRAINAGE_RISK
7.42,0.39,345.0,29.8,SAFE
7.56,0.21,326.4,26.0,SAFE
7.61,19.92,432.6,28.3,MICROBIAL_RISK
4.54,5.24,1081.8,31.7,ACID_MINE_DRAINAGE_RISK
6.98,0.94,337.7,26.0,SAFE
7.53,1.13,416.7,24.9,SAFE
5.47,3.2,960.4,26.9,ACID_MINE_DRAINAGE_RISK
7.43,0.6,253.2,23.5,SAFE
5.13,6.07,1278.7,30.2,ACID_MINE_DRAINAGE_RISK
6.57,18.61,659.3,27.8,IRON_MANGANESE_RISK
7.2,0.3,204.7,23.7,SAFE
8.15,0.49,398.2,27.3,SAFE
7.22,0.43,317.9,18.5,SAFE
4.41,6.65,693.7,27.2,ACID_MINE_DRAINAGE_RISK
8.07,0.88,231.7,24.0,SAFE
8.09,0.38,313.3,31.8,SAFE
6.38,14.28,701.4,24.1,IRON_MANGANESE_RISK
7.68,0.23,383.1,25.4,SAFE
6.67,0.32,247.3,23.6,SAFE
7.08,0.12,357.3,25.7,SAFE
7.32,0.18,389.2,25.4,SAFE
5.95,17.98,517.8,26.2,IRON_MANGANESE_RISK
6.94,15.6,560.4,27.1,IRON_MANGANESE_RISK
6.47,1.28,332.3,29.3,SAFE
5.03,4.76,1384.5,25.7,ACID_MINE_DRAINAGE_RISK
5.57,6.18,728.9,24.1,ACID_MINE_DRAINAGE_RISK
6.74,31.52,457.5,27.9,MICROBIAL_RISK
7.64,0.41,323.4,32.9,SAFE
8.97,1.34,1794.8,31.6,FLUORIDE_RISK
8.18,1.26,1305.8,23.8,FLUORIDE_RISK
7.44,0.16,316.0,24.9,SAFE
5.59,5.38,1365.7,22.2,ACID_MINE_DRAINAGE_RISK
6.71,1.66,306.2,22.2,SAFE
6.89,0.54,347.1,24.5,SAFE
7.91,25.33,626.2,31.8,MICROBIAL_RISK
8.62,2.02,1395.7,28.8,FLUORIDE_RISK
4.97,2.67,1069.4,24.7,ACID_MINE_DRAINAGE_RISK
5.46,5.26,729.5,26.9,ACID_MINE_DRAINAGE_RISK
8.43,2.3,1949.4,29.2,FLUORIDE_RISK
7.08,1.03,279.6,20.4,SAFE
6.86,0.83,336.3,24.6,SAFE
5.63,6.6,1297.0,33.7,ACID_MINE_DRAINAGE_RISK
6.27,10.99,633.0,24.9,IRON_MANGANESE_RISK
7.81,0.7,282.3,28.4,SAFE
4.13,9.7,1101.8,29.3,ACID_MINE_DRAINAGE_RISK
5.1,6.85,1113.5,23.7,ACID_MINE_DRAINAGE_RISK
6.6,16.62,498.1,27.7,IRON_MANGANESE_RISK
8.88,1.87,1482.3,31.0,FLUORIDE_RISK
4.72,6.66,1109.2,31.2,ACID_MINE_DRAINAGE_RISK
3.5,9.59,964.9,25.0,ACID_MINE_DRAINAGE_RISK
7.11,0.64,263.1,21.8,SAFE
6.5,11.27,761.3,26.6,IRON_MANGANESE_RISK
6.36,11.97,686.0,29.0,IRON_MANGANESE_RISK
6.48,0.46,187.8,27.9,SAFE
6.26,17.66,611.7,26.5,IRON_MANGANESE_RISK
7.13,1.53,494.9,20.8,SAFE
4.56,1.39,955.3,29.6,ACID_MINE_DRAINAGE_RISK
9.14,1.2,1911.0,27.8,FLUORIDE_RISK
7.9,26.61,680.6,28.6,MICROBIAL_RISK
6.76,0.55,590.2,27.0,SAFE
6.66,12.88,660.4,28.9,MICROBIAL_RISK
5.77,7.07,1019.2,27.7,ACID_MINE_DRAINAGE_RISK
5.87,11.8,647.2,24.7,IRON_MANGANESE_RISK
7.63,0.98,234.6,25.5,SAFE
7.53,0.27,344.9,22.0,SAFE
8.28,0.31,382.5,28.1,SAFE
4.72,8.52,364.2,24.5,ACID_MINE_DRAINAGE_RISK
7.68,0.59,269.3,19.3,SAFE
6.53,6.21,1516.7,27.8,ACID_MINE_DRAINAGE_RISK
6.99,15.51,621.9,28.1,IRON_MANGANESE_RISK
5.38,10.17,1132.1,25.5,ACID_MINE_DRAINAGE_RISK
4.72,5.84,874.3,33.7,ACID_MINE_DRAINAGE_RISK
7.88,0.97,374.8,24.4,SAFE
7.44,24.71,608.6,29.5,MICROBIAL_RISK
4.39,11.02,1510.4,27.2,ACID_MINE_DRAINAGE_RISK
7.97,1.27,307.2,24.3,SAFE
7.62,0.44,356.9,25.5,SAFE
5.53,5.31,1302.7,28.8,ACID_MINE_DRAINAGE_RISK
8.82,1.92,1398.6,28.7,FLUORIDE_RISK
5.09,10.0,1733.3,25.7,ACID_MINE_DRAINAGE_RISK
8.83,1.5,1544.8,30.0,FLUORIDE_RISK
5.87,8.03,995.4,28.1,ACID_MINE_DRAINAGE_RISK
6.2,6.36,877.4,25.6,ACID_MINE_DRAINAGE_RISK
6.22,13.25,770.0,27.2,IRON_MANGANESE_RISK
8.55,2.25,1564.9,32.6,FLUORIDE_RISK
7.39,0.36,340.0,17.7,SAFE
8.76,0.95,1698.1,24.7,FLUORIDE_RISK
8.93,2.05,1477.8,31.6,FLUORIDE_RISK
8.36,0.91,415.2,23.2,SAFE
6.8,2.02,445.9,24.0,SAFE
6.55,7.54,640.9,27.9,IRON_MANGANESE_RISK
8.97,2.73,1637.6,28.1,FLUORIDE_RISK
3.72,10.65,810.9,33.4,ACID_MINE_DRAINAGE_RISK
7.24,0.63,400.5,27.5,SAFE
6.89,1.54,268.8,23.1,SAFE
7.41,0.23,395.5,24.4,SAFE
6.37,34.64,411.3,26.4,MICROBIAL_RISK
4.78,8.54,868.1,27.5,ACID_MINE_DRAINAGE_RISK
6.35,13.9,726.6,24.4,IRON_MANGANESE_RISK
7.86,0.45,335.0,22.4,SAFE
6.32,7.7,1135.8,24.5,ACID_MINE_DRAINAGE_RISK
6.95,0.11,270.0,27.3,SAFE
6.85,0.53,347.0,27.0,SAFE
7.0,0.22,147.0,20.8,SAFE
9.31,2.28,1870.5,25.5,FLUORIDE_RISK
6.23,7.83,638.6,25.1,IRON_MANGANESE_RISK
6.27,14.61,417.3,30.4,IRON_MANGANESE_RISK
8.5,1.68,1774.9,28.4,FLUORIDE_RISK
4.93,11.46,1289.3,28.0,ACID_MINE_DRAINAGE_RISK
6.91,0.93,421.3,22.1,SAFE
7.95,0.25,261.4,26.6,SAFE
5.83,5.84,551.5,25.3,ACID_MINE_DRAINAGE_RISK
7.13,8.51,604.2,28.1,IRON_MANGANESE_RISK
6.15,17.41,650.7,28.1,IRON_MANGANESE_RISK
7.68,0.25,411.9,23.1,SAFE
7.21,0.21,336.2,22.0,SAFE
6.61,0.97,298.4,22.8,SAFE
6.14,8.23,722.0,28.8,IRON_MANGANESE_RISK
4.82,7.3,1229.8,29.1,ACID_MINE_DRAINAGE_RISK
5.3,8.12,1019.8,23.6,ACID_MINE_DRAINAGE_RISK
5.33,4.66,985.4,27.0,ACID_MINE_DRAINAGE_RISK
8.92,2.74,1319.5,27.7,FLUORIDE_RISK
7.32,2.14,184.8,27.8,SAFE
6.45,18.66,637.8,28.2,IRON_MANGANESE_RISK
7.27,0.18,341.4,28.3,SAFE
8.19,1.81,1819.1,29.8,FLUORIDE_RISK
8.01,0.19,358.5,26.2,SAFE
9.26,1.2,1357.3,26.3,FLUORIDE_RISK
7.11,9.95,571.7,30.3,MICROBIAL_RISK
4.73,7.69,1036.6,25.8,ACID_MINE_DRAINAGE_RISK
3.99,4.75,1047.7,30.6,ACID_MINE_DRAINAGE_RISK
4.12,5.71,1134.7,29.1,ACID_MINE_DRAINAGE_RISK
7.07,1.26,421.8,20.3,SAFE
7.15,0.53,259.0,29.1,SAFE
6.52,8.31,912.8,21.0,IRON_MANGANESE_RISK
6.17,9.47,736.4,30.9,IRON_MANGANESE_RISK
7.26,0.86,185.1,27.7,SAFE
6.98,1.18,375.4,30.1,SAFE
8.37,1.53,1738.3,30.1,FLUORIDE_RISK
4.69,6.62,1051.8,23.8,ACID_MINE_DRAINAGE_RISK
7.73,0.35,288.0,25.5,SAFE
9.05,1.31,1935.1,26.6,FLUORIDE_RISK
4.83,8.61,653.3,34.2,ACID_MINE_DRAINAGE_RISK
7.4,0.74,230.0,23.7,SAFE
8.53,2.42,1097.7,27.6,FLUORIDE_RISK
9.39,1.56,1955.6,32.9,FLUORIDE_RISK
5.48,5.69,1314.9,24.5,ACID_MINE_DRAINAGE_RISK
7.03,0.13,350.8,27.4,SAFE
6.72,15.38,813.7,25.9,IRON_MANGANESE_RISK
7.38,0.28,355.7,28.8,SAFE
8.29,0.64,293.7,24.6,SAFE
9.16,2.06,1113.7,32.0,FLUORIDE_RISK
5.24,6.72,1237.6,26.1,ACID_MINE_DRAINAGE_RISK
9.05,1.96,1609.1,28.2,FLUORIDE_RISK
5.52,9.42,478.8,26.4,IRON_MANGANESE_RISK
6.06,5.03,739.2,28.6,ACID_MINE_DRAINAGE_RISK
9.02,2.96,1591.8,29.0,FLUORIDE_RISK
6.82,10.5,633.2,25.1,IRON_MANGANESE_RISK
5.32,4.3,1372.3,22.8,ACID_MINE_DRAINAGE_RISK
9.06,1.16,1357.1,29.0,FLUORIDE_RISK
8.94,0.12,933.0,29.1,FLUORIDE_RISK
8.76,1.7,1537.8,23.8,FLUORIDE_RISK
4.71,5.5,832.6,23.1,ACID_MINE_DRAINAGE_RISK
4.65,10.3,1132.8,29.2,ACID_MINE_DRAINAGE_RISK
5.35,6.84,1010.2,21.9,ACID_MINE_DRAINAGE_RISK
7.65,0.89,363.2,26.0,SAFE
7.49,0.89,333.2,24.3,SAFE
5.68,3.26,803.1,28.4,ACID_MINE_DRAINAGE_RISK
8.04,1.36,178.1,25.2,SAFE
6.63,20.4,590.8,24.9,IRON_MANGANESE_RISK
4.37,5.64,1385.6,29.9,ACID_MINE_DRAINAGE_RISK
6.35,10.05,471.8,27.3,IRON_MANGANESE_RISK
8.04,0.32,343.9,26.9,SAFE
7.37,22.32,266.2,29.2,MICROBIAL_RISK
8.42,2.86,1807.6,27.7,FLUORIDE_RISK
7.8,0.27,415.0,27.8,SAFE
6.25,15.6,347.9,24.3,IRON_MANGANESE_RISK
6.39,14.77,664.2,26.7,IRON_MANGANESE_RISK
5.19,7.28,1116.4,26.3,ACID_MINE_DRAINAGE_RISK
6.42,21.05,779.5,23.5,IRON_MANGANESE_RISK
5.67,3.8,1184.0,28.3,ACID_MINE_DRAINAGE_RISK
6.8,0.28,281.1,27.8,SAFE
6.01,2.59,1193.7,27.6,ACID_MINE_DRAINAGE_RISK
8.69,2.38,1428.9,27.8,FLUORIDE_RISK
7.69,0.13,421.2,23.5,SAFE
5.5,4.55,1563.2,25.2,ACID_MINE_DRAINAGE_RISK
5.04,7.02,1133.1,23.0,ACID_MINE_DRAINAGE_RISK
5.86,19.57,607.8,24.2,IRON_MANGANESE_RISK
5.25,6.61,758.5,29.6,ACID_MINE_DRAINAGE_RISK
5.15,4.17,909.1,26.8,ACID_MINE_DRAINAGE_RISK
5.15,7.92,937.9,21.6,ACID_MINE_DRAINAGE_RISK
7.15,1.25,459.0,26.3,SAFE
8.81,2.34,1698.1,27.9,FLUORIDE_RISK
6.93,0.67,233.9,30.0,SAFE
8.76,0.95,1637.0,28.2,FLUORIDE_RISK
7.39,0.16,241.9,25.5,SAFE
6.87,0.66,241.8,26.7,SAFE
7.57,0.27,302.2,25.8,SAFE
8.68,0.24,1659.0,32.6,FLUORIDE_RISK
7.97,0.13,351.4,24.9,SAFE
7.19,0.76,293.3,20.7,SAFE
6.9,0.11,330.1,26.3,SAFE
7.0,0.17,68.7,27.4,SAFE
6.7,45.93,577.2,29.7,MICROBIAL_RISK
4.22,7.58,957.1,22.4,ACID_MINE_DRAINAGE_RISK
7.22,1.41,334.8,22.7,SAFE
5.41,4.15,963.4,26.3,ACID_MINE_DRAINAGE_RISK
7.72,0.21,396.2,24.1,SAFE
7.19,1.29,296.0,27.0,SAFE
5.94,14.55,684.4,28.9,IRON_MANGANESE_RISK
5.39,4.85,1432.2,29.0,ACID_MINE_DRAINAGE_RISK
4.55,8.34,940.6,29.0,ACID_MINE_DRAINAGE_RISK
5.02,5.94,1516.7,25.3,ACID_MINE_DRAINAGE_RISK
4.73,7.96,1456.2,24.2,ACID_MINE_DRAINAGE_RISK
5.68,6.45,1125.4,29.9,ACID_MINE_DRAINAGE_RISK
6.88,17.34,533.0,23.8,IRON_MANGANESE_RISK
5.81,6.11,811.1,26.5,ACID_MINE_DRAINAGE_RISK
6.69,8.89,706.1,26.4,IRON_MANGANESE_RISK
8.38,0.18,261.5,24.6,SAFE
6.62,1.66,261.2,29.0,SAFE
4.71,3.91,1320.3,27.1,ACID_MINE_DRAINAGE_RISK
6.61,10.88,610.5,23.2,IRON_MANGANESE_RISK
5.03,6.43,1198.8,27.1,ACID_MINE_DRAINAGE_RISK
5.91,4.77,1342.2,23.2,ACID_MINE_DRAINAGE_RISK
5.25,9.7,1084.8,26.5,ACID_MINE_DRAINAGE_RISK
7.66,1.29,353.8,21.6,SAFE
7.37,0.16,317.2,19.8,SAFE
8.69,1.51,1603.7,29.0,FLUORIDE_RISK
7.02,0.77,237.5,27.0,SAFE
8.63,2.26,1897.5,30.3,FLUORIDE_RISK
7.45,0.4,413.1,31.2,SAFE
7.92,0.41,234.7,19.9,SAFE
6.61,13.89,548.0,22.7,IRON_MANGANESE_RISK
7.01,21.97,630.3,24.8,IRON_MANGANESE_RISK
7.44,0.35,379.5,28.6,SAFE
8.95,1.43,1159.8,27.7,FLUORIDE_RISK
5.03,5.65,1355.5,28.8,ACID_MINE_DRAINAGE_RISK
7.85,0.19,380.7,26.3,SAFE
6.44,11.08,583.8,26.6,IRON_MANGANESE_RISK
6.95,16.16,809.3,25.4,IRON_MANGANESE_RISK
9.67,1.94,1700.3,29.8,FLUORIDE_RISK
7.27,0.46,430.2,26.0,SAFE
8.08,2.28,1469.3,29.9,FLUORIDE_RISK
6.16,17.83,890.8,28.2,IRON_MANGANESE_RISK
6.46,7.91,570.3,25.6,IRON_MANGANESE_RISK
6.72,10.22,648.4,24.4,IRON_MANGANESE_RISK
5.66,5.88,980.0,25.7,ACID_MINE_DRAINAGE_RISK
5.35,7.11,1241.8,26.9,ACID_MINE_DRAINAGE_RISK
7.31,1.45,391.2,29.1,SAFE
6.24,13.59,750.7,28.1,IRON_MANGANESE_RISK
4.93,8.27,1275.5,26.0,ACID_MINE_DRAINAGE_RISK
6.07,14.18,744.7,23.7,IRON_MANGANESE_RISK
7.11,1.03,416.0,21.9,SAFE
7.12,0.39,302.7,26.0,SAFE
7.03,0.12,405.2,19.9,SAFE
7.46,0.13,312.9,29.8,SAFE
7.59,1.55,309.0,26.9,SAFE
7.44,0.39,443.0,29.2,SAFE
5.2,6.41,1035.5,30.2,ACID_MINE_DRAINAGE_RISK
6.25,12.87,481.9,22.6,IRON_MANGANESE_RISK
7.1,0.62,409.0,25.7,SAFE
7.45,34.18,468.0,31.2,MICROBIAL_RISK
7.56,0.61,360.7,27.7,SAFE
6.94,0.26,286.9,22.9,SAFE
4.48,2.76,1145.2,25.8,ACID_MINE_DRAINAGE_RISK
4.72,4.76,1085.8,24.8,ACID_MINE_DRAINAGE_RISK
6.76,16.15,399.3,24.3,IRON_MANGANESE_RISK
4.37,4.05,1097.2,24.6,ACID_MINE_DRAINAGE_RISK
4.85,9.82,681.1,25.0,ACID_MINE_DRAINAGE_RISK
7.97,0.41,337.5,23.6,SAFE
7.01,1.3,290.9,33.3,SAFE
4.95,3.3,1006.7,25.6,ACID_MINE_DRAINAGE_RISK
7.45,0.84,267.0,22.0,SAFE
6.17,5.42,1473.9,30.2,ACID_MINE_DRAINAGE_RISK
6.1,9.28,378.3,24.8,IRON_MANGANESE_RISK
6.93,31.18,464.5,29.4,MICROBIAL_RISK
5.36,8.13,981.4,23.6,ACID_MINE_DRAINAGE_RISK
5.36,7.48,1105.0,29.2,ACID_MINE_DRAINAGE_RISK
6.45,10.14,586.5,22.9,IRON_MANGANESE_RISK
4.64,4.72,1132.5,24.3,ACID_MINE_DRAINAGE_RISK
8.55,2.62,1967.5,29.7,FLUORIDE_RISK
6.65,15.49,683.0,28.1,IRON_MANGANESE_RISK
5.76,7.72,1068.6,23.7,ACID_MINE_DRAINAGE_RISK
8.86,0.57,1364.6,26.0,FLUORIDE_RISK
6.76,3.09,203.4,23.7,SAFE
7.14,0.53,204.4,26.1,SAFE
6.55,13.09,532.5,29.9,IRON_MANGANESE_RISK
6.23,17.49,726.4,25.6,IRON_MANGANESE_RISK
7.28,1.07,274.1,25.1,SAFE
5.11,6.98,882.1,26.5,ACID_MINE_DRAINAGE_RISK
7.35,0.11,394.3,25.7,SAFE
6.58,12.67,698.7,27.0,IRON_MANGANESE_RISK
5.15,3.91,1394.2,25.6,ACID_MINE_DRAINAGE_RISK
6.28,15.24,863.6,28.8,IRON_MANGANESE_RISK
6.44,19.98,654.7,30.9,MICROBIAL_RISK
8.8,2.87,1742.6,29.4,FLUORIDE_RISK
4.76,5.29,1026.7,25.9,ACID_MINE_DRAINAGE_RISK
6.47,0.77,417.7,18.6,SAFE
7.3,0.14,345.0,26.9,SAFE
6.98,0.83,459.7,27.3,SAFE
5.53,5.95,1092.2,27.4,ACID_MINE_DRAINAGE_RISK
7.58,1.61,371.0,23.6,SAFE
6.31,13.18,645.7,25.2,IRON_MANGANESE_RISK
7.55,0.15,464.4,23.9,SAFE
6.86,1.04,252.4,24.5,SAFE
5.44,5.49,793.9,24.8,ACID_MINE_DRAINAGE_RISK
5.63,7.79,1214.4,29.2,ACID_MINE_DRAINAGE_RISK
7.45,28.18,402.6,28.8,MICROBIAL_RISK
5.72,6.18,1033.0,25.9,ACID_MINE_DRAINAGE_RISK
6.32,11.45,881.4,23.2,IRON_MANGANESE_RISK
7.24,1.59,409.1,19.7,SAFE
7.2,0.1,242.2,25.2,SAFE
6.67,0.22,370.5,23.9,SAFE
9.12,2.68,1056.3,28.2,FLUORIDE_RISK
6.34,17.13,657.9,28.1,IRON_MANGANESE_RISK
4.98,8.38,1016.7,26.0,ACID_MINE_DRAINAGE_RISK
5.39,10.08,635.1,25.3,ACID_MINE_DRAINAGE_RISK
6.37,7.32,963.5,26.0,IRON_MANGANESE_RISK
6.51,0.95,403.5,25.4,SAFE
5.45,5.41,747.8,27.7,ACID_MINE_DRAINAGE_RISK
5.7,5.46,1530.1,26.1,ACID_MINE_DRAINAGE_RISK
7.38,1.09,316.4,23.5,SAFE
6.99,0.73,384.4,27.5,SAFE
4.94,9.81,1143.9,24.4,ACID_MINE_DRAINAGE_RISK
7.25,38.92,589.8,30.4,MICROBIAL_RISK
4.86,8.57,502.2,24.5,ACID_MINE_DRAINAGE_RISK
7.26,1.35,360.5,25.6,SAFE
6.76,0.97,467.8,28.6,SAFE
7.65,0.6,204.8,27.9,SAFE
8.17,0.27,224.9,26.3,SAFE
7.45,0.75,365.8,20.4,SAFE
6.86,22.85,635.8,30.9,MICROBIAL_RISK
7.54,0.43,318.3,24.9,SAFE
6.63,11.72,861.3,25.7,IRON_MANGANESE_RISK
6.19,18.93,986.5,23.8,IRON_MANGANESE_RISK
7.32,26.19,468.3,34.0,MICROBIAL_RISK
4.54,4.13,1405.4,25.2,ACID_MINE_DRAINAGE_RISK
5.38,6.76,853.4,28.3,ACID_MINE_DRAINAGE_RISK
4.98,6.66,989.0,23.1,ACID_MINE_DRAINAGE_RISK
5.34,4.39,697.4,28.9,ACID_MINE_DRAINAGE_RISK
7.23,0.2,262.7,29.4,SAFE
4.25,4.77,802.0,29.5,ACID_MINE_DRAINAGE_RISK
6.5,5.76,769.8,27.8,IRON_MANGANESE_RISK
7.18,2.75,420.2,28.4,SAFE
7.16,0.17,516.9,26.7,SAFE
4.91,4.69,1063.3,29.5,ACID_MINE_DRAINAGE_RISK
5.73,0.05,1208.6,23.4,ACID_MINE_DRAINAGE_RISK
9.05,0.45,1688.7,31.9,FLUORIDE_RISK
7.21,0.31,226.6,28.4,SAFE
6.51,11.96,677.3,27.8,IRON_MANGANESE_RISK
7.54,0.53,212.4,22.4,SAFE
6.32,4.85,1175.6,25.6,ACID_MINE_DRAINAGE_RISK
7.21,0.23,439.7,24.8,SAFE
4.73,5.9,674.7,27.9,ACID_MINE_DRAINAGE_RISK
5.02,2.82,1026.1,28.8,ACID_MINE_DRAINAGE_RISK
7.55,33.42,543.1,33.0,MICROBIAL_RISK
5.9,17.43,852.5,30.9,IRON_MANGANESE_RISK
6.38,15.13,598.3,26.5,IRON_MANGANESE_RISK
6.28,13.55,842.9,22.8,IRON_MANGANESE_RISK
7.37,0.34,351.1,29.4,SAFE
4.7,3.93,1497.4,27.7,ACID_MINE_DRAINAGE_RISK
7.3,0.42,399.0,22.7,SAFE
6.26,13.07,645.1,25.6,IRON_MANGANESE_RISK
5.09,7.23,1221.2,26.2,ACID_MINE_DRAINAGE_RISK
4.6,7.01,1240.7,26.6,ACID_MINE_DRAINAGE_RISK
5.82,2.78,1038.5,28.1,ACID_MINE_DRAINAGE_RISK
5.56,10.22,821.6,30.4,ACID_MINE_DRAINAGE_RISK
6.88,0.43,374.2,24.8,SAFE
7.28,30.07,392.1,31.2,MICROBIAL_RISK
6.22,15.82,465.7,25.8,IRON_MANGANESE_RISK
7.44,0.23,436.9,25.0,SAFE
6.79,0.35,412.5,23.7,SAFE
7.02,15.67,575.5,27.8,IRON_MANGANESE_RISK
7.46,0.34,203.2,25.6,SAFE
6.24,15.62,878.4,25.6,IRON_MANGANESE_RISK
7.11,0.66,331.5,25.8,SAFE
7.18,0.3,188.5,21.1,SAFE
7.38,0.14,346.0,25.7,SAFE
9.44,2.36,917.9,18.7,FLUORIDE_RISK
5.27,8.14,911.8,28.4,ACID_MINE_DRAINAGE_RISK
7.28,0.79,333.8,26.4,SAFE
8.76,2.66,1117.1,29.3,FLUORIDE_RISK
5.55,4.41,481.9,29.0,ACID_MINE_DRAINAGE_RISK
7.63,0.24,346.8,29.3,SAFE
7.45,2.39,228.2,24.4,SAFE
5.66,7.76,1676.4,24.5,ACID_MINE_DRAINAGE_RISK
6.66,1.96,351.9,18.8,SAFE
7.22,0.27,350.8,28.4,SAFE
8.77,1.55,1451.1,27.9,FLUORIDE_RISK
6.66,36.87,555.4,30.8,MICROBIAL_RISK
7.07,0.2,392.8,24.5,SAFE
4.18,4.4,965.0,25.2,ACID_MINE_DRAINAGE_RISK
7.69,0.25,332.5,21.7,SAFE
5.71,9.42,850.3,23.9,ACID_MINE_DRAINAGE_RISK
6.05,11.56,437.7,24.4,IRON_MANGANESE_RISK
7.41,0.25,340.1,25.2,SAFE
7.24,0.4,367.3,26.7,SAFE
6.96,0.15,289.2,29.7,SAFE
6.47,16.12,489.0,26.2,IRON_MANGANESE_RISK
6.39,12.39,773.3,28.9,IRON_MANGANESE_RISK
5.15,7.3,1094.8,31.7,ACID_MINE_DRAINAGE_RISK
6.76,1.21,231.2,30.1,SAFE
7.23,0.1,322.7,21.4,SAFE
7.48,0.74,308.8,24.0,SAFE
8.02,0.87,391.7,23.9,SAFE
7.21,0.43,284.5,24.2,SAFE
5.76,9.95,1089.3,29.8,ACID_MINE_DRAINAGE_RISK
7.69,0.67,219.3,30.9,SAFE
5.3,7.05,1342.0,25.2,ACID_MINE_DRAINAGE_RISK
6.64,13.08,772.0,27.4,IRON_MANGANESE_RISK
7.66,0.62,315.3,25.1,SAFE
6.61,0.12,403.8,18.3,SAFE
7.63,1.07,333.1,25.8,SAFE
6.19,10.62,748.5,24.6,IRON_MANGANESE_RISK
9.09,2.09,1066.7,32.4,FLUORIDE_RISK
4.76,11.0,1605.5,31.6,ACID_MINE_DRAINAGE_RISK
6.31,0.4,156.5,24.4,SAFE
5.88,5.7,1235.2,28.2,ACID_MINE_DRAINAGE_RISK
4.95,7.48,841.4,28.6,ACID_MINE_DRAINAGE_RISK
9.03,1.29,1152.5,26.8,FLUORIDE_RISK
8.52,3.07,1600.3,27.3,FLUORIDE_RISK
7.3,0.56,247.0,27.1,SAFE
6.29,19.09,563.1,29.0,IRON_MANGANESE_RISK
6.1,6.96,583.1,25.0,IRON_MANGANESE_RISK
6.34,17.01,564.8,24.3,IRON_MANGANESE_RISK
4.51,4.57,1458.4,27.5,ACID_MINE_DRAINAGE_RISK
7.96,0.74,400.3,19.0,SAFE
6.19,10.9,818.2,26.3,IRON_MANGANESE_RISK
6.96,0.35,254.1,28.0,SAFE
6.15,17.27,788.3,27.7,IRON_MANGANESE_RISK
7.34,1.63,202.4,21.8,SAFE
6.54,21.55,424.9,26.2,IRON_MANGANESE_RISK
6.92,17.06,871.7,26.5,IRON_MANGANESE_RISK
8.82,1.77,1111.0,30.7,FLUORIDE_RISK
6.15,16.02,568.8,22.0,IRON_MANGANESE_RISK
7.1,0.21,369.5,31.0,SAFE
7.65,0.14,399.8,22.5,SAFE
8.94,2.02,1619.8,29.2,FLUORIDE_RISK
7.79,0.25,407.6,20.6,SAFE
7.21,0.26,185.4,27.2,SAFE
6.45,17.54,917.3,23.3,IRON_MANGANESE_RISK
8.88,1.52,1386.2,26.7,FLUORIDE_RISK
7.52,0.12,303.6,24.3,SAFE
7.7,0.38,356.7,24.1,SAFE
7.45,0.2,221.4,30.6,SAFE
5.26,10.42,1249.8,27.4,ACID_MINE_DRAINAGE_RISK
7.84,0.67,249.6,23.7,SAFE
4.42,3.39,1022.1,27.1,ACID_MINE_DRAINAGE_RISK
5.15,8.18,1176.3,26.0,ACID_MINE_DRAINAGE_RISK
4.75,6.42,1183.5,23.6,ACID_MINE_DRAINAGE_RISK
6.93,1.04,311.8,26.6,SAFE
7.07,38.51,436.4,33.7,MICROBIAL_RISK
5.19,5.66,966.9,28.6,ACID_MINE_DRAINAGE_RISK
8.3,0.3,281.3,20.1,SAFE
7.6,0.1,330.0,24.5,SAFE
7.29,6.22,539.9,27.7,MICROBIAL_RISK
7.56,0.23,333.3,22.4,SAFE
7.19,0.21,224.5,19.5,SAFE
7.55,0.41,338.7,23.2,SAFE
8.65,0.67,2127.3,28.1,FLUORIDE_RISK
6.83,1.82,196.7,25.3,SAFE
5.15,9.14,825.7,25.4,ACID_MINE_DRAINAGE_RISK
6.23,23.03,551.3,23.8,IRON_MANGANESE_RISK
6.11,32.01,702.3,30.2,MICROBIAL_RISK
7.43,0.76,221.1,26.9,SAFE
7.44,0.15,313.8,26.6,SAFE
5.43,11.46,1263.3,25.1,ACID_MINE_DRAINAGE_RISK
6.21,25.66,458.4,23.8,IRON_MANGANESE_RISK
7.36,37.13,367.3,30.1,MICROBIAL_RISK
6.77,25.87,649.3,30.0,MICROBIAL_RISK
9.34,3.3,1614.1,30.0,FLUORIDE_RISK
9.05,1.84,1449.8,31.5,FLUORIDE_RISK
7.07,0.52,331.7,24.1,SAFE
5.34,6.23,1268.1,24.9,ACID_MINE_DRAINAGE_RISK
3.9,9.47,1230.3,30.3,ACID_MINE_DRAINAGE_RISK
4.98,9.62,781.4,28.1,ACID_MINE_DRAINAGE_RISK
7.99,0.21,240.1,22.0,SAFE
6.13,9.58,426.5,26.3,IRON_MANGANESE_RISK
8.87,1.13,1554.5,31.1,FLUORIDE_RISK
7.97,2.27,268.3,24.1,SAFE
7.4,24.17,581.9,33.2,MICROBIAL_RISK
4.79,6.55,698.6,26.2,ACID_MINE_DRAINAGE_RISK
7.36,0.21,255.2,26.8,SAFE
5.51,5.84,991.1,26.9,ACID_MINE_DRAINAGE_RISK
8.66,1.83,1371.9,26.3,FLUORIDE_RISK
9.13,2.12,1322.0,28.2,FLUORIDE_RISK
7.21,17.73,680.5,31.5,MICROBIAL_RISK
7.35,1.23,351.3,18.0,SAFE
7.54,36.34,548.0,30.2,MICROBIAL_RISK
5.29,5.13,969.9,24.9,ACID_MINE_DRAINAGE_RISK
6.87,0.43,354.1,31.0,SAFE
5.75,7.61,1576.9,24.6,ACID_MINE_DRAINAGE_RISK
7.0,37.43,391.2,31.0,MICROBIAL_RISK
5.11,7.47,1061.3,28.8,ACID_MINE_DRAINAGE_RISK
6.89,28.74,328.9,31.2,MICROBIAL_RISK
7.07,1.06,384.9,22.3,SAFE
6.85,37.78,319.8,32.3,MICROBIAL_RISK
9.52,1.06,1953.9,27.9,FLUORIDE_RISK
5.27,6.85,1224.5,28.3,ACID_MINE_DRAINAGE_RISK
6.72,13.85,661.1,25.9,IRON_MANGANESE_RISK
6.01,14.8,639.9,24.4,IRON_MANGANESE_RISK
7.95,0.36,283.9,19.0,SAFE
6.92,0.99,269.1,27.7,SAFE
7.86,1.54,331.3,20.4,SAFE
8.09,0.54,196.8,26.5,SAFE
6.3,32.77,384.2,28.1,MICROBIAL_RISK
7.35,0.21,460.6,26.7,SAFE
6.89,0.67,363.1,30.3,SAFE
6.7,21.81,493.2,30.7,MICROBIAL_RISK
8.73,3.01,1682.9,26.5,FLUORIDE_RISK
7.65,0.1,220.5,22.8,SAFE
7.23,1.58,308.3,25.4,SAFE
4.42,4.2,1125.0,26.2,ACID_MINE_DRAINAGE_RISK
7.25,0.23,464.9,26.7,SAFE
3.9,3.58,988.7,28.4,ACID_MINE_DRAINAGE_RISK
6.26,19.99,609.2,22.3,IRON_MANGANESE_RISK
7.31,1.23,210.5,23.7,SAFE
7.72,0.6,412.4,25.6,SAFE
6.24,28.91,870.0,31.0,MICROBIAL_RISK
6.66,14.04,808.4,26.8,IRON_MANGANESE_RISK
7.47,0.21,389.2,24.9,SAFE
7.1,0.76,286.2,28.1,SAFE
5.01,8.81,980.3,23.4,ACID_MINE_DRAINAGE_RISK
6.3,11.83,636.9,24.8,IRON_MANGANESE_RISK
6.72,17.78,473.5,28.5,IRON_MANGANESE_RISK
7.09,0.88,530.6,19.2,SAFE
7.02,0.24,284.4,24.2,SAFE
6.97,0.76,412.7,26.8,SAFE
7.76,24.02,405.6,30.7,MICROBIAL_RISK
6.05,15.67,359.3,24.6,IRON_MANGANESE_RISK
9.42,0.73,1633.7,29.9,FLUORIDE_RISK
8.92,0.52,1229.4,29.0,FLUORIDE_RISK
6.67,0.58,251.2,28.9,SAFE
6.71,0.56,327.0,26.1,SAFE
5.76,8.44,1118.7,27.1,ACID_MINE_DRAINAGE_RISK
7.61,0.47,359.4,21.6,SAFE
5.06,6.3,1351.3,26.9,ACID_MINE_DRAINAGE_RISK
4.42,9.68,710.0,32.3,ACID_MINE_DRAINAGE_RISK
6.4,11.39,496.4,23.6,IRON_MANGANESE_RISK
6.87,20.43,655.7,30.1,MICROBIAL_RISK
5.48,7.58,876.2,23.0,ACID_MINE_DRAINAGE_RISK
7.74,0.6,226.2,29.4,SAFE
6.37,0.44,395.1,25.0,SAFE
7.44,0.11,392.3,21.9,SAFE
6.95,0.36,202.1,21.9,SAFE
5.26,5.84,1074.3,30.4,ACID_MINE_DRAINAGE_RISK
8.67,3.57,1721.7,28.9,FLUORIDE_RISK
7.62,33.25,462.5,33.3,MICROBIAL_RISK
5.63,2.54,1216.3,24.1,ACID_MINE_DRAINAGE_RISK
7.23,0.26,281.7,25.6,SAFE
4.33,5.28,545.6,24.9,ACID_MINE_DRAINAGE_RISK
4.34,6.23,1133.2,25.0,ACID_MINE_DRAINAGE_RISK
7.07,30.69,580.0,31.0,MICROBIAL_RISK
9.17,1.33,1788.2,26.6,FLUORIDE_RISK
7.64,0.17,307.0,26.0,SAFE
5.38,6.23,1383.7,25.3,ACID_MINE_DRAINAGE_RISK
8.3,0.95,1549.8,29.0,FLUORIDE_RISK
6.51,12.95,842.2,22.2,IRON_MANGANESE_RISK
6.57,11.57,783.8,26.4,IRON_MANGANESE_RISK
7.78,0.11,297.2,23.5,SAFE
6.07,17.72,921.6,28.4,IRON_MANGANESE_RISK
7.34,0.45,344.8,21.7,SAFE
7.16,0.12,155.6,25.8,SAFE
4.74,7.53,1292.3,27.3,ACID_MINE_DRAINAGE_RISK
7.03,43.71,560.2,29.3,MICROBIAL_RISK
8.44,1.38,1227.4,32.9,FLUORIDE_RISK
7.12,1.68,300.5,22.7,SAFE
6.6,9.29,860.6,26.5,IRON_MANGANESE_RISK
7.24,1.85,527.3,27.6,SAFE
7.67,0.58,382.4,24.8,SAFE
7.06,0.27,194.5,28.3,SAFE
6.45,15.54,386.8,22.7,IRON_MANGANESE_RISK
6.7,0.47,264.8,20.9,SAFE
6.25,17.49,810.3,25.8,IRON_MANGANESE_RISK
7.21,0.78,346.3,29.1,SAFE
9.54,1.57,1227.1,31.9,FLUORIDE_RISK
7.37,1.07,220.7,23.8,SAFE
6.41,10.42,622.6,24.9,IRON_MANGANESE_RISK
3.83,9.61,734.1,26.0,ACID_MINE_DRAINAGE_RISK
5.13,8.37,1473.5,27.5,ACID_MINE_DRAINAGE_RISK
7.5,0.77,318.4,26.9,SAFE
7.02,0.11,285.2,20.6,SAFE
8.86,2.63,1844.1,23.2,FLUORIDE_RISK
7.09,0.48,276.9,23.8,SAFE
7.3,0.39,233.9,27.2,SAFE
5.68,6.86,893.4,26.0,ACID_MINE_DRAINAGE_RISK
4.81,7.26,1023.2,26.9,ACID_MINE_DRAINAGE_RISK
6.54,1.22,307.2,22.0,SAFE
6.44,5.05,1099.1,26.6,ACID_MINE_DRAINAGE_RISK
7.25,0.75,394.7,26.3,SAFE
7.05,10.15,670.0,29.9,IRON_MANGANESE_RISK
5.58,11.52,1409.4,30.9,ACID_MINE_DRAINAGE_RISK
6.49,22.84,570.7,29.8,IRON_MANGANESE_RISK
7.46,0.37,326.0,21.2,SAFE
7.12,0.99,369.7,20.7,SAFE
6.72,13.68,388.7,25.1,IRON_MANGANESE_RISK
8.85,1.93,834.7,30.9,FLUORIDE_RISK
8.33,1.41,1463.1,31.6,FLUORIDE_RISK
6.49,8.95,642.9,28.9,IRON_MANGANESE_RISK
7.04,0.7,360.6,22.1,SAFE
7.0,1.85,400.0,27.6,SAFE
4.51,6.34,706.6,27.9,ACID_MINE_DRAINAGE_RISK
6.94,38.65,569.1,29.0,MICROBIAL_RISK
7.08,0.59,272.4,23.0,SAFE
7.71,0.47,255.3,27.2,SAFE
7.08,0.35,272.4,25.7,SAFE
6.37,10.68,738.7,25.2,IRON_MANGANESE_RISK
6.34,11.17,690.3,28.3,IRON_MANGANESE_RISK
7.66,0.15,244.6,22.5,SAFE
7.43,0.34,214.8,23.6,SAFE
5.38,6.47,1017.9,26.9,ACID_MINE_DRAINAGE_RISK
7.89,0.64,263.1,26.8,SAFE
5.44,8.16,1167.1,27.5,ACID_MINE_DRAINAGE_RISK
9.33,0.24,1650.2,31.0,FLUORIDE_RISK
6.71,20.84,607.1,28.1,MICROBIAL_RISK
7.65,0.27,406.5,27.1,SAFE
5.99,14.33,721.0,25.9,IRON_MANGANESE_RISK
6.56,12.91,503.8,24.1,IRON_MANGANESE_RISK
6.89,1.08,346.5,21.4,SAFE
7.27,0.73,183.6,24.8,SAFE
7.27,2.28,444.2,20.2,SAFE
6.98,0.12,318.6,17.9,SAFE
7.01,0.8,351.7,25.3,SAFE
6.91,12.96,655.3,23.8,IRON_MANGANESE_RISK
7.2,0.18,225.4,23.8,SAFE
6.21,7.12,1110.7,26.3,ACID_MINE_DRAINAGE_RISK
8.74,0.05,1648.0,25.7,FLUORIDE_RISK
6.88,1.4,393.4,28.6,SAFE
6.61,8.35,872.5,25.6,IRON_MANGANESE_RISK
7.64,0.41,345.3,25.1,SAFE
7.0,0.77,318.4,26.9,SAFE
4.65,7.23,1172.3,26.6,ACID_MINE_DRAINAGE_RISK
6.73,17.02,575.4,27.6,IRON_MANGANESE_RISK
9.45,2.19,1159.5,29.1,FLUORIDE_RISK
6.96,23.64,573.7,32.4,MICROBIAL_RISK
5.7,15.2,589.1,27.1,IRON_MANGANESE_RISK
6.47,9.71,639.8,28.0,IRON_MANGANESE_RISK
6.59,17.22,635.4,27.6,IRON_MANGANESE_RISK
7.37,0.22,230.0,26.0,SAFE
7.77,1.45,225.7,26.3,SAFE
6.28,20.02,576.7,25.5,IRON_MANGANESE_RISK
7.38,0.15,309.7,28.3,SAFE
8.16,1.66,1225.8,25.2,FLUORIDE_RISK
7.82,0.62,381.1,27.8,SAFE
6.52,28.8,706.2,30.5,MICROBIAL_RISK
8.72,2.26,949.7,31.0,FLUORIDE_RISK
7.21,1.21,305.6,22.4,SAFE
6.71,22.93,476.8,27.5,MICROBIAL_RISK
7.45,1.29,384.6,24.6,SAFE
5.97,5.03,1053.4,32.4,ACID_MINE_DRAINAGE_RISK
6.34,16.98,652.8,31.1,IRON_MANGANESE_RISK
7.43,22.04,419.2,28.6,MICROBIAL_RISK
8.99,1.53,1188.3,25.2,FLUORIDE_RISK
6.58,0.74,400.6,24.5,SAFE
6.14,12.81,718.0,28.9,IRON_MANGANESE_RISK
7.46,0.42,230.8,25.2,SAFE
7.45,0.15,237.4,23.3,SAFE
6.88,0.23,225.8,29.7,SAFE
5.98,15.8,645.8,28.4,IRON_MANGANESE_RISK
6.47,13.83,208.0,29.2,IRON_MANGANESE_RISK
6.71,11.55,684.1,23.1,IRON_MANGANESE_RISK
7.52,0.19,304.1,28.7,SAFE
8.0,0.34,214.9,25.8,SAFE
6.34,8.64,522.3,27.9,IRON_MANGANESE_RISK
7.53,0.4,324.2,26.3,SAFE
6.38,15.95,905.6,26.6,IRON_MANGANESE_RISK
6.59,9.93,487.1,24.6,IRON_MANGANESE_RISK
5.69,8.31,956.9,23.9,ACID_MINE_DRAINAGE_RISK
5.34,4.1,804.5,25.7,ACID_MINE_DRAINAGE_RISK
7.03,28.48,499.3,32.9,MICROBIAL_RISK
6.79,0.77,393.6,28.3,SAFE
6.79,0.12,392.9,20.4,SAFE
3.93,3.9,1378.2,26.0,ACID_MINE_DRAINAGE_RISK
6.35,6.32,779.7,26.7,IRON_MANGANESE_RISK
6.2,12.17,1147.1,23.8,ACID_MINE_DRAINAGE_RISK
7.69,0.2,391.6,26.0,SAFE
5.41,4.83,1355.7,27.8,ACID_MINE_DRAINAGE_RISK
7.16,0.51,334.3,19.2,SAFE
8.82,1.43,1137.6,31.0,FLUORIDE_RISK
9.06,1.51,1679.9,26.6,FLUORIDE_RISK
7.36,0.16,380.7,23.9,SAFE
6.53,0.47,462.2,21.5,SAFE
8.04,0.5,382.6,27.8,SAFE
5.7,6.3,1268.9,28.4,ACID_MINE_DRAINAGE_RISK
6.21,22.45,607.2,27.9,IRON_MANGANESE_RISK
7.27,0.83,187.1,24.9,SAFE
5.27,13.29,1475.5,26.3,ACID_MINE_DRAINAGE_RISK
7.3,0.16,344.2,23.2,SAFE
7.33,0.22,178.5,25.5,SAFE
8.94,3.03,1331.5,27.4,FLUORIDE_RISK
7.71,38.38,510.5,30.4,MICROBIAL_RISK
7.26,0.15,419.0,24.2,SAFE
5.42,8.42,1100.4,22.2,ACID_MINE_DRAINAGE_RISK
4.82,3.84,961.7,25.6,ACID_MINE_DRAINAGE_RISK
7.87,0.6,315.8,25.8,SAFE
6.64,11.63,944.2,25.1,IRON_MANGANESE_RISK
8.96,1.23,1685.0,30.3,FLUORIDE_RISK
6.63,14.0,621.5,24.4,IRON_MANGANESE_RISK
5.39,11.84,1015.9,26.2,ACID_MINE_DRAINAGE_RISK
7.16,0.26,278.1,20.9,SAFE
6.84,12.68,551.9,26.8,IRON_MANGANESE_RISK
7.77,2.7,466.7,24.4,SAFE
7.67,0.31,256.9,21.8,SAFE
7.19,28.28,433.3,25.6,MICROBIAL_RISK
7.17,1.84,297.1,24.3,SAFE
6.85,0.37,309.9,21.8,SAFE
7.01,0.44,299.0,27.7,SAFE
7.46,0.47,350.4,27.1,SAFE
6.64,14.18,701.2,26.6,IRON_MANGANESE_RISK
6.44,16.7,530.5,25.1,IRON_MANGANESE_RISK
6.52,15.67,453.8,28.8,IRON_MANGANESE_RISK
7.39,0.52,262.1,27.4,SAFE
7.32,0.99,264.8,24.7,SAFE
6.26,14.12,666.8,25.1,IRON_MANGANESE_RISK
6.93,5.94,719.4,28.5,IRON_MANGANESE_RISK
7.92,0.89,429.6,26.0,SAFE
7.34,1.91,479.5,26.3,SAFE
7.83,0.84,272.8,25.2,SAFE
7.08,3.39,426.4,22.3,SAFE
4.33,9.63,908.8,22.5,ACID_MINE_DRAINAGE_RISK
7.11,0.41,402.0,25.0,SAFE
5.69,6.24,780.6,26.8,ACID_MINE_DRAINAGE_RISK
7.42,0.23,346.2,23.4,SAFE
6.58,12.88,442.9,26.8,IRON_MANGANESE_RISK
8.81,2.61,1707.7,28.6,FLUORIDE_RISK
6.77,22.47,534.2,28.4,MICROBIAL_RISK
7.01,0.41,308.0,23.1,SAFE
8.58,1.15,1663.5,29.0,FLUORIDE_RISK
7.15,0.97,160.6,22.9,SAFE
5.34,7.12,1108.6,25.4,ACID_MINE_DRAINAGE_RISK
7.7,0.37,313.4,25.6,SAFE
9.08,1.48,1527.4,27.1,FLUORIDE_RISK
6.75,0.51,367.8,24.9,SAFE
4.94,7.37,555.1,26.9,ACID_MINE_DRAINAGE_RISK
7.73,0.46,283.2,26.1,SAFE
7.31,0.5,276.5,26.3,SAFE
5.42,5.57,801.5,24.0,ACID_MINE_DRAINAGE_RISK
4.75,4.36,646.8,24.4,ACID_MINE_DRAINAGE_RISK
5.9,11.47,771.9,29.6,ACID_MINE_DRAINAGE_RISK
7.54,0.28,355.0,24.9,SAFE
3.54,5.69,1128.3,26.4,ACID_MINE_DRAINAGE_RISK
5.17,6.03,1417.3,27.7,ACID_MINE_DRAINAGE_RISK
5.33,9.43,1126.9,23.8,ACID_MINE_DRAINAGE_RISK
6.61,18.85,528.3,29.8,MICROBIAL_RISK
6.69,0.47,433.1,23.8,SAFE
6.97,0.89,334.4,22.7,SAFE
7.25,12.1,550.4,25.5,IRON_MANGANESE_RISK
6.27,15.61,726.5,26.5,IRON_MANGANESE_RISK
7.09,18.4,597.3,28.4,IRON_MANGANESE_RISK
5.74,5.7,1224.3,30.3,ACID_MINE_DRAINAGE_RISK
4.76,5.73,1296.3,29.1,ACID_MINE_DRAINAGE_RISK
4.93,1.3,1150.1,29.2,ACID_MINE_DRAINAGE_RISK
6.79,1.37,269.3,26.7,SAFE
6.03,15.59,555.5,22.9,IRON_MANGANESE_RISK
6.55,22.73,762.9,27.6,IRON_MANGANESE_RISK
4.72,9.28,1168.8,29.3,ACID_MINE_DRAINAGE_RISK
5.96,14.97,324.6,27.4,IRON_MANGANESE_RISK
6.78,13.64,826.4,28.3,IRON_MANGANESE_RISK
7.04,0.56,407.2,25.4,SAFE
6.85,0.58,225.2,29.8,SAFE
4.78,7.69,972.3,30.6,ACID_MINE_DRAINAGE_RISK
8.77,1.82,1272.7,29.3,FLUORIDE_RISK
6.26,9.95,814.5,25.1,IRON_MANGANESE_RISK
7.52,0.23,406.7,22.8,SAFE
7.14,0.24,321.9,24.1,SAFE
5.11,8.67,690.8,33.3,ACID_MINE_DRAINAGE_RISK
7.25,0.13,270.9,19.4,SAFE
5.39,9.36,705.4,26.3,ACID_MINE_DRAINAGE_RISK
7.01,1.58,340.1,28.3,SAFE
5.39,4.21,1008.2,27.1,ACID_MINE_DRAINAGE_RISK
7.62,0.64,296.5,24.1,SAFE
7.83,0.44,494.2,19.5,SAFE
7.35,0.56,207.1,29.5,SAFE
4.9,10.25,1283.7,27.1,ACID_MINE_DRAINAGE_RISK
8.78,1.76,1374.5,28.0,FLUORIDE_RISK
5.47,6.29,1374.2,30.1,ACID_MINE_DRAINAGE_RISK
6.42,18.59,640.3,26.4,IRON_MANGANESE_RISK
5.69,8.35,1311.6,24.8,ACID_MINE_DRAINAGE_RISK
8.92,0.1,1243.0,32.2,FLUORIDE_RISK
7.74,1.19,249.5,23.2,SAFE
4.04,7.71,1227.2,29.4,ACID_MINE_DRAINAGE_RISK
7.06,14.53,326.4,30.0,MICROBIAL_RISK
3.98,1.53,580.0,27.7,ACID_MINE_DRAINAGE_RISK
6.86,0.4,243.4,25.1,SAFE
6.07,18.73,726.0,28.2,IRON_MANGANESE_RISK
5.56,20.93,556.8,22.1,IRON_MANGANESE_RISK
5.93,11.99,498.0,24.7,IRON_MANGANESE_RISK
6.81,0.62,368.3,26.9,SAFE
7.31,0.41,330.7,26.5,SAFE
6.62,13.42,440.6,26.0,IRON_MANGANESE_RISK
6.74,18.56,694.0,27.2,IRON_MANGANESE_RISK
6.63,0.8,252.3,30.2,SAFE
6.78,0.42,292.5,29.3,SAFE
6.19,12.84,659.7,26.4,IRON_MANGANESE_RISK
7.48,1.13,348.3,21.0,SAFE
5.66,6.02,906.8,26.7,ACID_MINE_DRAINAGE_RISK
8.97,2.23,1180.9,28.3,FLUORIDE_RISK
6.03,14.54,647.2,25.8,IRON_MANGANESE_RISK
7.56,1.09,247.6,26.3,SAFE
6.09,0.14,344.0,20.0,SAFE
5.93,20.11,691.2,25.3,IRON_MANGANESE_RISK
7.34,0.91,458.3,28.0,SAFE
8.53,1.75,234.6,24.6,SAFE
5.1,3.79,618.7,28.8,ACID_MINE_DRAINAGE_RISK
7.14,0.96,403.9,20.7,SAFE
7.27,0.35,313.6,23.2,SAFE
5.47,2.14,1201.5,25.7,ACID_MINE_DRAINAGE_RISK
7.94,1.42,374.4,26.1,SAFE
7.75,0.52,355.9,26.0,SAFE
7.83,0.44,275.9,22.2,SAFE
4.06,6.5,1108.5,25.7,ACID_MINE_DRAINAGE_RISK
7.12,0.59,206.2,25.6,SAFE
6.14,17.5,849.7,24.7,IRON_MANGANESE_RISK
5.49,8.26,1322.5,28.1,ACID_MINE_DRAINAGE_RISK
8.46,2.16,1878.6,27.1,FLUORIDE_RISK
6.06,17.29,902.1,26.0,IRON_MANGANESE_RISK
4.67,4.43,1143.1,34.1,ACID_MINE_DRAINAGE_RISK
7.29,1.31,347.5,25.1,SAFE
6.76,16.39,503.7,27.5,IRON_MANGANESE_RISK
7.09,0.99,402.6,21.1,SAFE
5.95,3.24,1147.9,28.8,ACID_MINE_DRAINAGE_RISK
6.23,4.7,614.4,28.1,IRON_MANGANESE_RISK
5.91,8.72,828.1,27.6,ACID_MINE_DRAINAGE_RISK
5.06,0.94,1184.2,28.1,ACID_MINE_DRAINAGE_RISK
7.27,0.92,399.0,26.2,SAFE
6.96,0.45,304.4,24.1,SAFE
6.9,1.84,346.3,24.0,SAFE
8.92,1.32,1459.0,27.0,FLUORIDE_RISK
7.21,0.77,135.0,23.2,SAFE
7.15,1.09,300.2,25.8,SAFE
6.89,0.25,267.7,31.4,SAFE
4.95,12.95,1235.8,22.5,ACID_MINE_DRAINAGE_RISK
6.39,12.18,811.6,26.4,IRON_MANGANESE_RISK
8.86,1.23,1118.9,29.1,FLUORIDE_RISK
6.52,15.0,726.4,28.0,IRON_MANGANESE_RISK
8.94,1.31,1300.9,28.7,FLUORIDE_RISK
4.36,7.59,1308.7,23.6,ACID_MINE_DRAINAGE_RISK
4.86,8.77,1006.0,27.7,ACID_MINE_DRAINAGE_RISK
6.92,1.13,246.0,23.1,SAFE
6.9,15.37,552.9,26.0,IRON_MANGANESE_RISK
5.96,16.31,432.4,24.4,IRON_MANGANESE_RISK
4.38,0.15,1465.9,22.2,ACID_MINE_DRAINAGE_RISK
7.27,0.13,348.3,21.1,SAFE
6.15,18.26,652.7,26.1,IRON_MANGANESE_RISK
7.38,0.15,172.6,25.2,SAFE
7.92,0.77,350.8,16.9,SAFE
7.45,0.15,323.3,22.1,SAFE
6.98,0.39,336.3,20.8,SAFE
3.5,8.71,1086.7,23.5,ACID_MINE_DRAINAGE_RISK
5.49,8.3,1119.3,29.2,ACID_MINE_DRAINAGE_RISK
8.91,1.24,1787.7,28.8,FLUORIDE_RISK
7.09,1.31,203.9,28.1,SAFE
8.76,2.16,1095.6,28.3,FLUORIDE_RISK
7.64,0.47,414.0,19.4,SAFE
4.16,12.96,1228.6,25.7,ACID_MINE_DRAINAGE_RISK
7.04,0.12,387.7,20.8,SAFE
6.42,16.55,681.9,24.8,IRON_MANGANESE_RISK
6.56,19.55,824.4,26.5,IRON_MANGANESE_RISK
5.83,2.99,1337.3,28.1,ACID_MINE_DRAINAGE_RISK
6.83,0.15,424.4,22.9,SAFE
6.28,0.73,289.2,26.0,SAFE
8.87,3.14,746.8,30.7,FLUORIDE_RISK
9.22,2.61,1311.1,31.2,FLUORIDE_RISK
7.74,1.02,306.5,25.7,SAFE
4.17,6.2,1485.9,24.0,ACID_MINE_DRAINAGE_RISK
7.57,1.24,332.9,22.4,SAFE
7.5,0.21,380.8,22.6,SAFE
5.52,8.52,1173.5,23.2,ACID_MINE_DRAINAGE_RISK
4.68,6.45,1132.8,28.7,ACID_MINE_DRAINAGE_RISK
6.78,14.38,528.9,25.9,IRON_MANGANESE_RISK
5.95,11.19,596.2,28.3,IRON_MANGANESE_RISK
5.45,3.22,1098.2,26.2,ACID_MINE_DRAINAGE_RISK
4.98,8.3,1230.5,30.5,ACID_MINE_DRAINAGE_RISK
8.41,1.07,1405.0,31.3,FLUORIDE_RISK
6.8,0.69,288.9,24.6,SAFE
8.11,0.74,359.3,27.3,SAFE
6.46,13.34,470.7,27.4,IRON_MANGANESE_RISK
7.68,0.2,313.6,23.4,SAFE
6.66,13.46,767.9,28.3,IRON_MANGANESE_RISK
4.79,9.0,1475.4,27.5,ACID_MINE_DRAINAGE_RISK
7.22,1.72,387.5,22.3,SAFE
6.84,0.93,231.3,28.0,SAFE
7.36,0.81,270.0,26.4,SAFE
3.78,5.84,1394.5,24.2,ACID_MINE_DRAINAGE_RISK
7.43,0.6,333.0,23.0,SAFE
8.95,2.44,1001.4,28.6,FLUORIDE_RISK
6.49,11.24,637.1,25.8,IRON_MANGANESE_RISK
5.15,4.01,1670.6,25.9,ACID_MINE_DRAINAGE_RISK
6.47,0.45,393.4,19.1,SAFE
7.3,0.23,344.2,28.3,SAFE
7.27,0.78,219.4,25.5,SAFE
5.97,10.37,718.0,28.1,IRON_MANGANESE_RISK
9.31,2.39,1614.1,31.8,FLUORIDE_RISK
6.96,0.9,321.4,26.8,SAFE
7.32,0.66,360.7,21.1,SAFE
6.65,16.35,844.8,23.8,IRON_MANGANESE_RISK
5.24,3.14,672.9,23.4,ACID_MINE_DRAINAGE_RISK
6.29,13.71,657.8,26.3,IRON_MANGANESE_RISK
7.37,1.22,358.7,23.2,SAFE
5.9,5.03,878.0,27.8,ACID_MINE_DRAINAGE_RISK
6.47,10.56,639.1,25.7,IRON_MANGANESE_RISK
4.77,6.8,1397.3,27.7,ACID_MINE_DRAINAGE_RISK
6.29,20.25,1091.8,26.5,IRON_MANGANESE_RISK
8.7,1.6,1322.1,27.8,FLUORIDE_RISK
6.56,23.47,778.4,22.6,IRON_MANGANESE_RISK
7.02,0.92,385.3,28.5,SAFE
5.08,9.97,942.7,26.2,ACID_MINE_DRAINAGE_RISK
7.74,1.61,275.9,25.2,SAFE
7.66,1.06,264.4,22.4,SAFE
6.49,0.2,333.6,28.2,SAFE
5.02,5.96,1167.0,27.7,ACID_MINE_DRAINAGE_RISK
4.38,9.28,1250.9,23.7,ACID_MINE_DRAINAGE_RISK
4.83,5.67,946.9,25.8,ACID_MINE_DRAINAGE_RISK
6.78,0.12,410.1,29.8,SAFE
6.17,15.3,544.9,25.2,IRON_MANGANESE_RISK
6.17,16.58,684.1,25.8,IRON_MANGANESE_RISK
4.72,8.54,1259.8,25.4,ACID_MINE_DRAINAGE_RISK
6.57,21.59,895.3,26.9,IRON_MANGANESE_RISK
7.65,0.32,292.1,30.5,SAFE
7.27,12.76,314.2,30.8,MICROBIAL_RISK
6.53,6.08,588.0,27.9,IRON_MANGANESE_RISK
8.98,1.66,1168.1,29.5,FLUORIDE_RISK
6.39,12.54,639.3,24.2,IRON_MANGANESE_RISK
6.44,12.99,892.8,27.8,IRON_MANGANESE_RISK
7.24,0.27,281.4,26.5,SAFE
7.01,0.88,381.5,23.2,SAFE
6.52,22.75,357.3,28.7,MICROBIAL_RISK
4.9,10.25,866.9,27.5,ACID_MINE_DRAINAGE_RISK
7.83,0.68,331.8,23.3,SAFE
6.56,12.03,762.5,22.6,IRON_MANGANESE_RISK
9.19,1.36,1685.1,30.4,FLUORIDE_RISK
6.49,13.22,730.7,24.1,IRON_MANGANESE_RISK
4.96,5.37,1394.6,27.2,ACID_MINE_DRAINAGE_RISK
6.38,23.5,547.6,25.3,IRON_MANGANESE_RISK
3.95,2.52,1126.1,25.7,ACID_MINE_DRAINAGE_RISK
5.9,4.56,926.0,26.6,ACID_MINE_DRAINAGE_RISK
6.39,11.39,541.3,29.0,IRON_MANGANESE_RISK
7.6,1.64,375.2,25.4,SAFE
6.36,0.28,258.0,28.6,SAFE
6.05,4.7,1160.3,28.5,ACID_MINE_DRAINAGE_RISK
5.47,9.56,1087.3,25.6,ACID_MINE_DRAINAGE_RISK
6.11,7.84,466.8,27.7,IRON_MANGANESE_RISK
7.48,0.14,176.9,24.3,SAFE
4.94,8.85,1636.9,25.3,ACID_MINE_DRAINAGE_RISK
6.76,0.25,372.9,25.7,SAFE
5.28,4.88,942.7,23.4,ACID_MINE_DRAINAGE_RISK
4.15,5.49,794.6,23.8,ACID_MINE_DRAINAGE_RISK
7.02,39.27,585.9,28.9,MICROBIAL_RISK
7.07,1.37,222.7,19.6,SAFE
5.07,1.09,697.6,26.0,ACID_MINE_DRAINAGE_RISK
7.19,0.66,252.3,29.3,SAFE
6.5,14.62,702.7,28.8,IRON_MANGANESE_RISK
6.92,0.59,235.7,24.3,SAFE
6.36,12.26,375.5,26.5,IRON_MANGANESE_RISK
4.91,6.47,1334.0,28.8,ACID_MINE_DRAINAGE_RISK
7.35,0.37,328.5,23.4,SAFE
6.24,15.69,458.0,25.6,IRON_MANGANESE_RISK
6.17,10.08,629.2,28.3,IRON_MANGANESE_RISK
6.96,2.63,319.1,20.4,SAFE
5.43,3.29,808.2,27.2,ACID_MINE_DRAINAGE_RISK
4.93,8.72,1077.8,27.0,ACID_MINE_DRAINAGE_RISK
7.09,0.22,258.2,27.0,SAFE
6.45,5.28,826.0,26.0,IRON_MANGANESE_RISK
4.68,2.67,1275.8,27.8,ACID_MINE_DRAINAGE_RISK
7.22,0.26,278.8,22.4,SAFE
7.01,0.18,267.9,22.7,SAFE
9.13,2.34,989.9,27.0,FLUORIDE_RISK
5.41,8.01,991.3,23.3,ACID_MINE_DRAINAGE_RISK
7.14,0.38,388.5,24.7,SAFE
8.83,1.74,1342.5,28.3,FLUORIDE_RISK
7.17,0.27,306.2,28.1,SAFE
6.87,0.28,341.4,20.3,SAFE
6.48,20.24,642.7,23.5,IRON_MANGANESE_RISK
6.84,1.1,312.3,29.8,SAFE
5.15,4.79,1187.6,30.5,ACID_MINE_DRAINAGE_RISK
6.83,0.57,432.5,17.9,SAFE
6.33,14.08,763.0,27.6,IRON_MANGANESE_RISK
5.37,5.56,1197.2,28.1,ACID_MINE_DRAINAGE_RISK
8.61,2.03,1688.6,23.4,FLUORIDE_RISK
7.22,37.09,419.3,34.7,MICROBIAL_RISK
7.58,2.11,374.6,25.3,SAFE
7.97,0.92,364.9,24.6,SAFE
6.69,0.54,282.1,24.6,SAFE
7.39,2.72,205.3,25.0,SAFE
6.55,13.42,505.2,26.0,IRON_MANGANESE_RISK
6.82,10.59,777.5,25.8,IRON_MANGANESE_RISK
7.72,1.3,441.7,23.5,SAFE
5.82,5.36,651.2,30.5,ACID_MINE_DRAINAGE_RISK
7.16,0.71,394.7,29.5,SAFE
6.51,23.16,720.6,27.3,IRON_MANGANESE_RISK
6.54,12.4,641.7,24.2,IRON_MANGANESE_RISK
7.17,0.3,330.9,24.0,SAFE
7.26,0.61,305.5,24.7,SAFE
7.35,0.15,193.2,26.1,SAFE
7.4,1.33,415.5,26.4,SAFE
7.36,0.64,248.5,29.8,SAFE
8.9,2.12,1268.1,22.6,FLUORIDE_RISK
8.78,1.9,1344.1,28.6,FLUORIDE_RISK
6.3,5.89,600.0,23.8,IRON_MANGANESE_RISK
7.23,0.31,360.4,26.9,SAFE
6.25,11.51,450.0,32.6,IRON_MANGANESE_RISK
9.13,2.42,1382.4,32.5,FLUORIDE_RISK
8.79,1.71,1015.8,33.3,FLUORIDE_RISK
8.62,1.7,1154.1,28.5,FLUORIDE_RISK
7.09,20.31,513.8,31.4,MICROBIAL_RISK
7.7,1.41,324.0,26.2,SAFE
5.52,2.31,650.7,25.6,ACID_MINE_DRAINAGE_RISK
6.99,0.57,269.6,29.8,SAFE
7.9,0.43,312.8,28.8,SAFE
7.89,21.63,537.5,29.1,MICROBIAL_RISK
9.07,0.47,2091.5,24.4,FLUORIDE_RISK
6.6,0.19,288.1,21.6,SAFE
9.24,2.73,1858.5,27.0,FLUORIDE_RISK
8.92,3.25,1546.9,28.9,FLUORIDE_RISK
6.24,16.81,758.5,25.7,IRON_MANGANESE_RISK
6.5,14.76,640.1,26.0,IRON_MANGANESE_RISK
4.53,9.35,759.0,28.0,ACID_MINE_DRAINAGE_RISK
6.83,30.96,557.5,27.2,MICROBIAL_RISK
4.43,4.06,1343.8,28.1,ACID_MINE_DRAINAGE_RISK
8.0,1.71,454.6,24.0,SAFE
4.15,8.6,1149.8,23.5,ACID_MINE_DRAINAGE_RISK
6.06,3.96,1043.0,27.2,ACID_MINE_DRAINAGE_RISK
6.96,0.26,305.0,23.8,SAFE
7.39,0.86,434.4,24.1,SAFE
8.53,2.11,1977.1,30.4,FLUORIDE_RISK
7.87,1.68,262.2,28.7,SAFE
7.52,0.24,215.5,25.4,SAFE
5.66,4.82,1059.7,30.4,ACID_MINE_DRAINAGE_RISK
7.14,0.11,328.2,22.0,SAFE
6.22,12.1,752.0,23.7,IRON_MANGANESE_RISK
8.68,3.53,1461.0,33.0,FLUORIDE_RISK
6.83,0.35,415.1,30.3,SAFE
7.15,0.42,239.4,27.2,SAFE
7.39,0.27,320.8,20.8,SAFE
4.55,8.53,1335.3,27.6,ACID_MINE_DRAINAGE_RISK
8.84,2.03,1548.1,28.9,FLUORIDE_RISK
7.83,1.68,378.8,25.7,SAFE
7.33,0.36,142.9,27.5,SAFE
7.66,0.92,386.7,25.9,SAFE
6.45,0.11,237.9,25.5,SAFE
7.31,2.55,366.6,25.4,SAFE
7.04,1.21,213.5,22.7,SAFE
8.88,1.78,1931.9,25.6,FLUORIDE_RISK
7.04,0.63,312.0,23.5,SAFE
5.99,6.34,796.8,28.6,ACID_MINE_DRAINAGE_RISK
7.32,0.65,459.3,33.5,SAFE
8.55,2.84,1731.2,24.7,FLUORIDE_RISK
7.09,0.47,113.7,25.3,SAFE
6.57,8.09,315.5,24.6,IRON_MANGANESE_RISK
4.72,5.76,1266.4,30.3,ACID_MINE_DRAINAGE_RISK
6.69,5.93,848.4,26.2,IRON_MANGANESE_RISK
6.52,19.21,471.9,24.3,IRON_MANGANESE_RISK
6.15,21.93,684.7,27.3,IRON_MANGANESE_RISK
4.18,2.51,1285.1,29.2,ACID_MINE_DRAINAGE_RISK
7.55,0.31,421.8,28.1,SAFE
6.12,20.39,431.5,24.8,IRON_MANGANESE_RISK
7.07,1.77,342.2,25.8,SAFE
8.97,2.69,1361.8,26.5,FLUORIDE_RISK
6.64,16.1,518.2,23.4,IRON_MANGANESE_RISK
6.38,11.12,469.8,22.6,IRON_MANGANESE_RISK
7.51,1.11,256.1,19.6,SAFE
5.84,5.14,1080.5,25.7,ACID_MINE_DRAINAGE_RISK
7.41,0.53,327.2,20.2,SAFE
6.93,0.44,254.8,24.0,SAFE
7.16,0.85,373.5,21.2,SAFE
8.07,0.38,180.6,28.2,SAFE
8.12,0.5,242.0,25.4,SAFE
5.74,6.99,1194.1,28.3,ACID_MINE_DRAINAGE_RISK
5.37,11.67,1313.6,31.7,ACID_MINE_DRAINAGE_RISK
7.05,2.05,376.2,29.0,SAFE
7.18,0.75,228.0,21.0,SAFE
6.02,10.43,1024.9,32.1,ACID_MINE_DRAINAGE_RISK
5.47,4.26,1095.1,26.1,ACID_MINE_DRAINAGE_RISK
6.87,2.09,307.8,26.3,SAFE
5.9,6.86,1295.4,29.1,ACID_MINE_DRAINAGE_RISK
6.54,7.83,851.8,25.6,ACID_MINE_DRAINAGE_RISK
8.76,2.03,2026.3,28.6,FLUORIDE_RISK
5.71,7.84,1357.4,26.1,ACID_MINE_DRAINAGE_RISK
6.77,1.08,199.3,22.6,SAFE
6.98,19.85,847.2,25.0,IRON_MANGANESE_RISK
6.82,14.4,655.9,26.5,IRON_MANGANESE_RISK
4.23,1.16,1180.6,23.1,ACID_MINE_DRAINAGE_RISK
7.36,0.61,237.8,23.4,SAFE
7.81,0.43,346.2,24.9,SAFE
5.65,10.86,1084.7,22.9,ACID_MINE_DRAINAGE_RISK
7.49,0.66,246.2,24.9,SAFE
7.82,0.15,324.7,28.2,SAFE
4.8,8.47,980.2,24.5,ACID_MINE_DRAINAGE_RISK
5.49,26.78,577.9,29.2,MICROBIAL_RISK
6.96,0.11,368.8,24.6,SAFE
9.74,2.19,1078.7,30.1,FLUORIDE_RISK
7.62,0.86,340.2,28.1,SAFE
6.59,4.34,371.8,29.2,SAFE
4.17,9.38,1079.6,26.1,ACID_MINE_DRAINAGE_RISK
8.69,1.97,1348.7,29.9,FLUORIDE_RISK
7.56,0.57,183.4,30.5,SAFE
7.27,1.01,360.7,23.2,SAFE
6.34,21.96,561.6,26.5,IRON_MANGANESE_RISK
9.37,2.21,1472.6,29.3,FLUORIDE_RISK
4.6,9.45,1314.1,27.0,ACID_MINE_DRAINAGE_RISK
7.04,30.11,428.5,28.0,MICROBIAL_RISK
4.5,2.79,1436.5,28.5,ACID_MINE_DRAINAGE_RISK
7.14,18.15,793.2,26.7,IRON_MANGANESE_RISK
9.83,1.82,1492.6,31.6,FLUORIDE_RISK
5.14,6.75,1077.0,27.3,ACID_MINE_DRAINAGE_RISK
4.77,7.79,1211.0,30.1,ACID_MINE_DRAINAGE_RISK
8.09,0.7,296.8,27.7,SAFE
5.0,4.68,1102.4,30.5,ACID_MINE_DRAINAGE_RISK
7.35,0.55,383.0,22.6,SAFE
5.89,8.66,559.3,29.3,ACID_MINE_DRAINAGE_RISK
5.0,8.59,864.3,23.1,ACID_MINE_DRAINAGE_RISK
5.1,4.51,1756.3,26.6,ACID_MINE_DRAINAGE_RISK
7.67,1.97,342.3,23.4,SAFE
7.14,20.01,670.3,30.2,MICROBIAL_RISK
6.68,15.92,730.9,27.2,IRON_MANGANESE_RISK
6.38,14.82,576.9,27.2,IRON_MANGANESE_RISK
7.41,0.63,322.9,22.8,SAFE
6.44,8.21,603.6,25.5,IRON_MANGANESE_RISK
5.19,4.6,1649.4,30.0,ACID_MINE_DRAINAGE_RISK
7.77,0.87,340.5,25.8,SAFE
6.1,16.19,758.8,28.9,IRON_MANGANESE_RISK
6.72,8.97,828.0,27.6,IRON_MANGANESE_RISK
7.2,0.82,322.4,25.2,SAFE
6.88,34.61,296.5,28.9,MICROBIAL_RISK
6.51,0.7,230.9,23.2,SAFE
7.66,0.76,374.6,25.9,SAFE
7.33,0.68,414.0,24.6,SAFE
6.96,0.28,429.7,25.1,SAFE
6.7,23.34,712.5,25.9,IRON_MANGANESE_RISK
4.6,4.61,1222.2,33.0,ACID_MINE_DRAINAGE_RISK
7.51,0.75,388.5,24.4,SAFE
8.72,1.46,1663.8,28.1,FLUORIDE_RISK
6.82,0.79,312.4,26.0,SAFE
7.35,1.81,349.0,16.2,SAFE
7.02,2.0,360.9,28.1,SAFE
7.66,0.43,395.1,24.5,SAFE
6.37,7.97,798.8,25.7,IRON_MANGANESE_RISK
6.8,0.28,323.4,28.2,SAFE
6.37,12.59,446.0,25.8,IRON_MANGANESE_RISK
7.21,2.01,269.8,25.7,SAFE
6.83,27.8,569.5,29.1,MICROBIAL_RISK
8.75,1.96,1683.0,30.4,FLUORIDE_RISK
6.66,16.1,789.3,22.8,IRON_MANGANESE_RISK
6.46,6.55,613.8,27.2,IRON_MANGANESE_RISK
9.19,2.16,1144.3,29.4,FLUORIDE_RISK
7.21,0.74,273.2,28.5,SAFE
6.92,34.28,590.0,29.3,MICROBIAL_RISK
7.08,21.82,413.8,30.2,MICROBIAL_RISK
7.45,0.75,164.1,22.8,SAFE
6.53,16.87,699.3,27.9,IRON_MANGANESE_RISK
8.86,0.17,1133.1,28.9,FLUORIDE_RISK
9.0,2.17,1830.8,27.6,FLUORIDE_RISK
6.84,23.01,486.8,32.0,MICROBIAL_RISK
7.66,0.31,287.1,24.9,SAFE
6.65,12.25,736.7,28.2,IRON_MANGANESE_RISK
6.17,0.35,386.7,24.8,SAFE
6.76,14.25,700.9,32.4,IRON_MANGANESE_RISK
7.84,0.86,331.5,22.6,SAFE
5.13,8.65,1153.9,24.3,ACID_MINE_DRAINAGE_RISK
6.96,0.48,322.2,25.5,SAFE
7.42,0.25,376.3,25.9,SAFE
7.4,0.57,425.4,23.8,SAFE
5.68,2.62,1351.2,23.2,ACID_MINE_DRAINAGE_RISK
7.46,0.38,348.0,25.6,SAFE
4.63,7.2,1137.2,29.2,ACID_MINE_DRAINAGE_RISK
6.2,17.2,734.9,26.1,IRON_MANGANESE_RISK
7.36,0.31,324.4,22.5,SAFE
7.6,0.12,342.4,25.8,SAFE
4.73,5.96,1307.4,29.3,ACID_MINE_DRAINAGE_RISK
9.13,2.23,1665.4,31.9,FLUORIDE_RISK
5.26,8.32,909.5,26.5,ACID_MINE_DRAINAGE_RISK
6.61,0.25,347.1,21.2,SAFE
6.43,24.76,564.6,25.1,IRON_MANGANESE_RISK
4.58,7.97,1267.6,28.4,ACID_MINE_DRAINAGE_RISK
6.77,2.77,326.7,26.8,SAFE
6.59,17.48,906.5,28.4,IRON_MANGANESE_RISK
6.76,17.5,555.1,23.4,IRON_MANGANESE_RISK
6.07,3.62,352.1,28.9,SAFE
7.5,1.17,442.4,27.7,SAFE
8.14,0.63,381.1,25.0,SAFE
7.11,23.8,611.3,27.0,MICROBIAL_RISK
7.13,0.22,178.3,22.9,SAFE
6.23,22.54,497.0,24.6,IRON_MANGANESE_RISK
7.54,0.36,251.2,21.5,SAFE
5.01,6.7,862.2,27.3,ACID_MINE_DRAINAGE_RISK
5.01,5.03,1504.5,25.0,ACID_MINE_DRAINAGE_RISK
4.96,0.05,1437.4,28.8,ACID_MINE_DRAINAGE_RISK
6.56,15.38,498.8,26.5,IRON_MANGANESE_RISK
7.1,0.19,345.2,28.0,SAFE
7.32,1.64,280.8,26.1,SAFE
7.33,0.6,329.8,29.3,SAFE
8.03,0.88,427.8,27.3,SAFE
6.62,12.17,446.7,26.1,IRON_MANGANESE_RISK
6.97,0.25,518.8,25.4,SAFE
7.54,2.12,362.4,26.1,SAFE
4.37,8.38,627.4,29.0,ACID_MINE_DRAINAGE_RISK
7.62,0.94,386.7,24.3,SAFE
7.48,0.33,176.9,24.2,SAFE
8.08,0.05,1562.7,27.2,FLUORIDE_RISK
4.21,5.17,1186.7,25.6,ACID_MINE_DRAINAGE_RISK
6.78,0.4,269.4,28.2,SAFE
4.31,8.02,1194.4,31.4,ACID_MINE_DRAINAGE_RISK
4.74,8.3,1139.6,29.5,ACID_MINE_DRAINAGE_RISK
5.2,7.0,1461.2,28.4,ACID_MINE_DRAINAGE_RISK
4.68,6.69,1257.3,22.9,ACID_MINE_DRAINAGE_RISK
5.12,10.34,1545.8,27.2,ACID_MINE_DRAINAGE_RISK
5.61,7.08,685.2,23.4,ACID_MINE_DRAINAGE_RISK
7.16,0.52,326.8,25.7,SAFE
7.85,1.03,394.0,22.3,SAFE
5.64,9.23,932.7,29.0,ACID_MINE_DRAINAGE_RISK
4.66,11.36,1341.6,30.6,ACID_MINE_DRAINAGE_RISK
7.59,0.74,392.9,23.6,SAFE
7.01,0.3,373.5,23.2,SAFE
4.22,7.38,805.8,28.6,ACID_MINE_DRAINAGE_RISK
6.84,1.11,392.0,24.1,SAFE
6.21,34.48,406.8,28.4,MICROBIAL_RISK
5.53,9.52,933.4,25.9,ACID_MINE_DRAINAGE_RISK
7.09,17.08,529.3,25.1,IRON_MANGANESE_RISK
7.65,40.09,362.5,32.0,MICROBIAL_RISK
7.63,0.96,375.9,28.4,SAFE
6.9,0.48,317.9,22.8,SAFE
6.8,0.26,129.8,27.1,SAFE
5.51,7.02,959.9,24.8,ACID_MINE_DRAINAGE_RISK
7.02,27.56,469.5,30.2,MICROBIAL_RISK
6.29,0.66,280.4,27.2,SAFE
5.04,8.09,1177.6,26.0,ACID_MINE_DRAINAGE_RISK
7.08,0.19,158.4,25.4,SAFE
4.55,6.73,1175.0,22.1,ACID_MINE_DRAINAGE_RISK
8.71,1.67,1138.1,27.7,FLUORIDE_RISK
7.05,0.47,333.9,21.0,SAFE
8.05,2.64,420.3,23.2,SAFE
6.35,0.35,277.5,24.9,SAFE
8.87,1.14,1582.2,30.8,FLUORIDE_RISK
6.46,12.29,373.0,28.4,IRON_MANGANESE_RISK
8.93,1.89,929.3,34.6,FLUORIDE_RISK
4.82,7.44,1049.3,27.5,ACID_MINE_DRAINAGE_RISK
6.19,21.77,658.3,26.6,IRON_MANGANESE_RISK
7.19,0.41,326.7,22.6,SAFE
6.62,14.28,1054.3,24.1,IRON_MANGANESE_RISK
5.79,5.73,1157.4,23.7,ACID_MINE_DRAINAGE_RISK
7.07,14.54,543.8,21.3,IRON_MANGANESE_RISK
8.86,2.18,1906.3,28.8,FLUORIDE_RISK
5.09,6.98,1328.9,28.7,ACID_MINE_DRAINAGE_RISK
5.19,9.34,872.2,26.5,ACID_MINE_DRAINAGE_RISK
7.43,0.27,334.9,22.0,SAFE
6.28,14.46,706.0,27.9,IRON_MANGANESE_RISK
8.15,0.88,452.7,28.1,SAFE
9.1,2.34,1171.7,29.0,FLUORIDE_RISK
5.11,10.89,896.0,26.3,ACID_MINE_DRAINAGE_RISK
6.05,10.48,764.6,29.9,IRON_MANGANESE_RISK
6.76,1.05,386.3,23.3,SAFE
6.26,10.48,736.4,24.6,IRON_MANGANESE_RISK
6.73,14.08,489.8,25.9,IRON_MANGANESE_RISK
7.21,0.49,201.0,18.7,SAFE
7.82,0.38,264.2,22.4,SAFE
5.95,8.02,1121.5,28.4,ACID_MINE_DRAINAGE_RISK
7.15,4.71,346.6,31.5,MICROBIAL_RISK
6.31,7.41,1238.6,19.0,ACID_MINE_DRAINAGE_RISK
4.94,1.5,575.5,30.3,ACID_MINE_DRAINAGE_RISK
7.28,0.54,259.7,24.1,SAFE
6.74,38.4,567.4,27.0,MICROBIAL_RISK
6.58,10.4,206.9,25.0,IRON_MANGANESE_RISK
7.11,19.34,696.1,35.9,MICROBIAL_RISK
4.72,7.37,1545.2,31.6,ACID_MINE_DRAINAGE_RISK
6.47,11.11,658.7,22.4,IRON_MANGANESE_RISK
6.2,15.44,712.6,26.2,IRON_MANGANESE_RISK
7.48,0.99,383.0,22.1,SAFE
8.6,1.35,1396.3,26.1,FLUORIDE_RISK
6.48,17.52,700.0,25.4,IRON_MANGANESE_RISK
7.39,0.99,352.2,24.8,SAFE
6.59,15.63,377.7,26.6,IRON_MANGANESE_RISK
6.78,0.27,226.3,27.5,SAFE
7.39,0.22,359.9,27.1,SAFE
8.83,1.63,2120.6,30.5,FLUORIDE_RISK
4.37,7.44,1630.2,26.3,ACID_MINE_DRAINAGE_RISK
4.79,11.3,789.2,24.4,ACID_MINE_DRAINAGE_RISK
4.85,8.98,951.5,26.1,ACID_MINE_DRAINAGE_RISK
6.94,0.61,402.2,22.1,SAFE
7.21,0.87,246.0,25.8,SAFE
7.75,0.36,360.1,21.5,SAFE
7.44,0.11,278.6,29.2,SAFE
6.65,16.14,520.7,24.8,IRON_MANGANESE_RISK
7.42,32.16,486.1,30.3,MICROBIAL_RISK
4.91,6.38,904.3,24.6,ACID_MINE_DRAINAGE_RISK
6.77,0.3,373.8,24.8,SAFE
7.68,0.87,492.0,22.0,SAFE
6.72,0.84,303.7,22.0,SAFE
8.63,2.35,1002.5,28.3,FLUORIDE_RISK
4.47,5.42,1239.9,25.6,ACID_MINE_DRAINAGE_RISK
6.6,10.11,623.7,24.1,IRON_MANGANESE_RISK
7.58,0.37,223.2,27.1,SAFE
7.29,0.44,298.3,29.2,SAFE
6.3,13.69,684.6,21.7,IRON_MANGANESE_RISK
7.13,1.21,261.0,31.8,SAFE
7.3,0.82,326.3,28.4,SAFE
8.23,1.38,1199.9,29.5,FLUORIDE_RISK
7.11,0.15,330.7,19.3,SAFE
5.43,10.5,902.9,24.8,ACID_MINE_DRAINAGE_RISK
4.1,4.88,1079.1,30.5,ACID_MINE_DRAINAGE_RISK
6.44,8.55,693.1,22.0,IRON_MANGANESE_RISK
6.2,18.93,702.3,26.3,IRON_MANGANESE_RISK
5.37,4.34,502.0,27.9,ACID_MINE_DRAINAGE_RISK
7.62,0.11,301.1,27.3,SAFE
7.28,0.44,229.7,32.2,SAFE
7.32,1.62,302.6,24.5,SAFE
7.2,1.09,366.2,24.0,SAFE
7.34,0.75,374.0,28.7,SAFE
7.07,0.13,404.7,24.1,SAFE
7.21,16.56,743.6,28.3,IRON_MANGANESE_RISK
4.32,10.15,1403.8,31.8,ACID_MINE_DRAINAGE_RISK
6.98,0.61,187.4,20.2,SAFE
6.25,10.98,658.2,27.7,IRON_MANGANESE_RISK
6.31,15.76,623.3,22.1,IRON_MANGANESE_RISK
4.55,7.69,1202.7,23.6,ACID_MINE_DRAINAGE_RISK
6.52,0.13,274.9,25.5,SAFE
5.98,14.73,450.7,26.3,IRON_MANGANESE_RISK
4.99,10.02,1214.8,25.2,ACID_MINE_DRAINAGE_RISK
7.24,0.46,456.8,26.4,SAFE
7.61,0.31,457.4,26.0,SAFE
5.58,8.8,1330.8,28.4,ACID_MINE_DRAINAGE_RISK
4.68,0.43,1262.7,27.9,ACID_MINE_DRAINAGE_RISK
7.52,0.62,303.8,26.6,SAFE
6.69,32.41,607.1,30.7,MICROBIAL_RISK
4.94,5.69,1284.9,26.9,ACID_MINE_DRAINAGE_RISK
7.01,0.85,325.9,25.5,SAFE
9.36,1.59,1596.2,30.5,FLUORIDE_RISK
5.98,8.8,1288.8,25.5,ACID_MINE_DRAINAGE_RISK
7.85,25.42,620.9,32.5,MICROBIAL_RISK
5.02,9.03,1322.9,28.1,ACID_MINE_DRAINAGE_RISK
7.43,1.14,289.6,22.9,SAFE
6.52,13.27,792.2,23.2,IRON_MANGANESE_RISK
6.46,1.44,440.6,26.5,SAFE
7.78,1.49,426.7,20.2,SAFE
7.87,0.78,289.8,19.0,SAFE
5.75,10.18,552.5,23.3,IRON_MANGANESE_RISK
7.33,0.18,354.4,27.0,SAFE
3.86,6.86,910.8,30.7,ACID_MINE_DRAINAGE_RISK
6.72,0.33,227.2,24.2,SAFE
4.11,6.82,1059.3,24.8,ACID_MINE_DRAINAGE_RISK
9.15,2.27,1621.5,32.0,FLUORIDE_RISK
7.52,3.27,243.9,30.3,SAFE
4.95,1.64,731.0,21.3,ACID_MINE_DRAINAGE_RISK
6.42,15.31,616.1,23.4,IRON_MANGANESE_RISK
6.08,12.85,631.2,28.9,IRON_MANGANESE_RISK
6.97,0.7,419.5,27.6,SAFE
8.54,1.6,1244.8,23.9,FLUORIDE_RISK
6.6,18.44,770.9,27.2,IRON_MANGANESE_RISK
6.22,21.43,656.5,26.6,IRON_MANGANESE_RISK
7.71,1.65,231.9,22.6,SAFE
5.97,17.17,596.3,24.7,IRON_MANGANESE_RISK
6.93,0.14,267.6,26.5,SAFE
9.34,0.9,1231.9,26.6,FLUORIDE_RISK
6.0,7.35,1291.4,29.9,ACID_MINE_DRAINAGE_RISK
5.26,8.63,1073.6,26.3,ACID_MINE_DRAINAGE_RISK
5.34,10.83,926.2,29.3,ACID_MINE_DRAINAGE_RISK
7.34,0.8,269.9,28.1,SAFE
6.67,0.16,245.2,29.3,SAFE
6.48,14.98,641.9,23.4,IRON_MANGANESE_RISK
6.61,16.69,550.1,24.8,IRON_MANGANESE_RISK
4.59,9.35,1177.4,25.6,ACID_MINE_DRAINAGE_RISK
7.2,0.33,300.9,19.8,SAFE
7.76,0.16,397.7,21.2,SAFE
6.9,0.24,332.9,23.7,SAFE
7.0,18.19,535.7,24.4,IRON_MANGANESE_RISK
6.63,0.15,326.2,27.1,SAFE
6.46,22.53,687.0,24.6,IRON_MANGANESE_RISK
8.02,1.01,224.3,28.4,SAFE
7.79,0.35,315.9,22.4,SAFE
8.72,1.86,813.4,26.5,FLUORIDE_RISK
5.38,8.97,1211.6,25.4,ACID_MINE_DRAINAGE_RISK
4.83,5.43,1044.2,29.6,ACID_MINE_DRAINAGE_RISK
6.93,14.13,374.7,25.6,IRON_MANGANESE_RISK
7.26,0.24,411.2,22.4,SAFE
7.5,0.81,263.5,27.3,SAFE
7.63,0.21,189.5,25.9,SAFE
6.19,4.88,652.3,22.0,IRON_MANGANESE_RISK
6.62,22.32,598.2,31.7,MICROBIAL_RISK
3.78,9.92,1064.9,27.1,ACID_MINE_DRAINAGE_RISK
9.37,2.44,1665.4,29.8,FLUORIDE_RISK
6.3,10.01,703.8,23.6,IRON_MANGANESE_RISK
7.31,0.11,205.0,29.0,SAFE
6.92,1.81,279.6,21.6,SAFE
6.03,19.34,790.8,27.0,IRON_MANGANESE_RISK
7.36,2.81,345.5,28.6,SAFE
6.25,14.68,311.5,27.3,IRON_MANGANESE_RISK
6.3,14.06,784.9,27.8,IRON_MANGANESE_RISK
6.9,0.65,311.2,20.5,SAFE
6.02,15.05,655.8,24.8,IRON_MANGANESE_RISK
7.35,1.39,284.6,27.9,SAFE
5.41,6.47,1241.5,25.8,ACID_MINE_DRAINAGE_RISK
6.42,16.03,677.4,24.4,IRON_MANGANESE_RISK
6.25,8.64,397.7,28.6,IRON_MANGANESE_RISK
7.61,0.11,388.7,29.0,SAFE
4.13,5.54,1458.9,29.0,ACID_MINE_DRAINAGE_RISK
6.92,0.34,212.5,24.2,SAFE
5.22,3.53,978.0,27.5,ACID_MINE_DRAINAGE_RISK
8.73,1.29,1329.7,33.7,FLUORIDE_RISK
5.25,5.75,854.1,27.8,ACID_MINE_DRAINAGE_RISK
7.42,0.17,425.2,21.0,SAFE
4.7,5.95,1394.5,29.2,ACID_MINE_DRAINAGE_RISK
5.01,2.46,1212.4,30.3,ACID_MINE_DRAINAGE_RISK
8.06,2.91,346.5,26.5,SAFE
4.3,6.1,1357.3,25.2,ACID_MINE_DRAINAGE_RISK
6.42,6.81,1349.5,27.1,ACID_MINE_DRAINAGE_RISK
7.26,21.67,687.5,28.5,MICROBIAL_RISK
5.88,8.04,1557.2,32.6,ACID_MINE_DRAINAGE_RISK
7.76,0.47,139.6,23.7,SAFE
6.74,8.45,568.5,24.9,IRON_MANGANESE_RISK
7.22,0.47,312.4,25.7,SAFE
8.7,1.33,2063.5,29.1,FLUORIDE_RISK
7.21,0.34,200.6,25.3,SAFE
8.04,1.45,402.3,22.2,SAFE
6.4,16.21,416.0,28.2,IRON_MANGANESE_RISK
5.68,8.37,162.4,30.2,IRON_MANGANESE_RISK
7.98,1.73,387.6,26.9,SAFE
7.78,0.38,386.2,27.4,SAFE
6.04,14.1,522.4,25.2,IRON_MANGANESE_RISK
6.55,10.67,590.0,29.8,IRON_MANGANESE_RISK
6.85,0.82,226.7,22.9,SAFE
6.57,18.73,770.5,25.2,IRON_MANGANESE_RISK
7.15,0.37,373.3,27.5,SAFE
8.58,2.57,1618.1,23.5,FLUORIDE_RISK
6.75,0.7,410.2,23.9,SAFE
9.01,2.45,1467.6,29.7,FLUORIDE_RISK
4.32,7.81,1439.9,29.2,ACID_MINE_DRAINAGE_RISK
7.3,0.25,447.2,29.2,SAFE
5.45,6.46,966.1,27.8,ACID_MINE_DRAINAGE_RISK
7.2,0.91,362.3,22.0,SAFE
5.73,5.65,1676.0,27.9,ACID_MINE_DRAINAGE_RISK
9.01,1.76,1873.4,31.3,FLUORIDE_RISK
4.86,6.62,688.4,28.1,ACID_MINE_DRAINAGE_RISK
6.98,0.28,363.4,28.8,SAFE
6.56,19.74,629.8,27.2,IRON_MANGANESE_RISK
5.17,3.89,1390.7,26.6,ACID_MINE_DRAINAGE_RISK
7.51,1.86,320.5,28.1,SAFE
7.55,0.87,258.1,25.7,SAFE
7.43,0.19,275.5,18.5,SAFE
4.81,9.06,1386.3,19.7,ACID_MINE_DRAINAGE_RISK
7.81,1.29,224.7,22.5,SAFE
6.7,12.39,831.7,23.9,IRON_MANGANESE_RISK
6.67,1.12,228.2,24.9,SAFE
6.55,15.2,921.0,25.7,IRON_MANGANESE_RISK
4.99,8.17,1145.3,29.5,ACID_MINE_DRAINAGE_RISK
5.1,7.55,1043.6,27.2,ACID_MINE_DRAINAGE_RISK
6.32,0.75,234.5,23.7,SAFE
6.42,11.49,540.6,25.2,IRON_MANGANESE_RISK
6.2,11.23,742.2,22.8,IRON_MANGANESE_RISK
5.84,10.94,686.4,26.6,IRON_MANGANESE_RISK
5.86,3.94,1177.4,29.8,ACID_MINE_DRAINAGE_RISK
6.53,20.23,815.2,24.3,IRON_MANGANESE_RISK
7.56,1.14,367.2,20.8,SAFE
7.25,0.92,345.2,27.4,SAFE
8.09,1.0,208.8,25.6,SAFE
6.11,14.04,713.4,25.5,IRON_MANGANESE_RISK
5.83,8.34,957.5,28.1,ACID_MINE_DRAINAGE_RISK
7.35,0.14,250.8,25.0,SAFE
7.17,0.17,285.2,27.8,SAFE
6.36,19.99,779.1,27.6,IRON_MANGANESE_RISK
5.28,8.04,1010.0,29.2,ACID_MINE_DRAINAGE_RISK
7.34,0.4,333.3,28.0,SAFE
5.3,7.64,1115.3,27.0,ACID_MINE_DRAINAGE_RISK
6.36,9.54,845.2,24.9,IRON_MANGANESE_RISK
6.64,0.62,278.3,22.7,SAFE
7.54,1.04,309.3,22.4,SAFE
7.83,0.16,239.0,23.5,SAFE
7.2,0.42,202.8,28.4,SAFE
6.13,19.27,662.3,26.1,IRON_MANGANESE_RISK
7.16,0.51,168.4,19.4,SAFE
6.52,17.99,928.6,25.9,IRON_MANGANESE_RISK
6.9,0.51,317.0,27.5,SAFE
7.81,1.01,300.4,20.0,SAFE
5.15,9.92,1353.9,21.5,ACID_MINE_DRAINAGE_RISK
6.36,14.82,649.7,24.5,IRON_MANGANESE_RISK
6.38,19.19,531.2,25.0,IRON_MANGANESE_RISK
5.1,8.39,1060.4,31.7,ACID_MINE_DRAINAGE_RISK
7.3,0.96,360.2,25.8,SAFE
8.06,0.16,275.3,26.9,SAFE
5.02,8.03,1510.2,28.2,ACID_MINE_DRAINAGE_RISK
7.3,1.46,232.7,27.6,SAFE
9.29,1.57,1766.5,27.7,FLUORIDE_RISK
5.33,4.19,1008.7,23.8,ACID_MINE_DRAINAGE_RISK
6.73,0.52,545.9,27.4,SAFE
6.07,17.41,602.4,28.7,IRON_MANGANESE_RISK
7.67,0.1,337.0,25.7,SAFE
7.9,0.73,227.0,22.3,SAFE
7.24,0.11,325.1,27.8,SAFE
6.2,8.25,580.5,28.5,IRON_MANGANESE_RISK
7.17,0.88,444.4,22.6,SAFE
7.46,0.94,256.2,29.3,SAFE
6.9,0.17,303.2,25.6,SAFE
9.17,2.85,1107.6,29.8,FLUORIDE_RISK
6.8,0.1,327.5,27.2,SAFE
8.53,0.85,1927.9,26.6,FLUORIDE_RISK
4.5,9.56,1110.9,23.7,ACID_MINE_DRAINAGE_RISK
4.91,5.53,690.4,22.9,ACID_MINE_DRAINAGE_RISK
7.38,0.77,319.5,25.7,SAFE
6.61,13.51,789.2,24.1,IRON_MANGANESE_RISK
7.21,0.45,286.4,18.8,SAFE
5.43,6.95,1105.4,30.0,ACID_MINE_DRAINAGE_RISK
6.57,12.04,681.2,27.3,IRON_MANGANESE_RISK
7.36,0.93,336.6,23.9,SAFE
4.81,8.62,791.0,24.8,ACID_MINE_DRAINAGE_RISK
6.47,7.21,806.3,22.4,IRON_MANGANESE_RISK
7.16,0.12,322.9,25.4,SAFE
5.56,0.89,720.6,23.8,ACID_MINE_DRAINAGE_RISK
4.61,5.07,1397.7,27.5,ACID_MINE_DRAINAGE_RISK
7.58,0.45,332.5,27.1,SAFE
6.79,0.69,393.4,20.4,SAFE
7.69,0.59,412.2,24.4,SAFE
7.2,1.43,465.5,25.6,SAFE
6.94,0.23,236.5,23.9,SAFE
4.81,11.9,651.9,27.6,ACID_MINE_DRAINAGE_RISK
6.31,13.77,613.9,26.9,IRON_MANGANESE_RISK
7.41,0.47,282.6,21.6,SAFE
5.15,6.08,1417.5,27.4,ACID_MINE_DRAINAGE_RISK
7.42,0.23,423.7,28.5,SAFE
7.49,14.22,557.4,28.9,MICROBIAL_RISK
4.51,8.66,1003.8,26.8,ACID_MINE_DRAINAGE_RISK
6.23,16.36,634.7,23.4,IRON_MANGANESE_RISK
5.54,9.76,732.0,25.9,ACID_MINE_DRAINAGE_RISK
6.9,21.28,458.7,22.7,MICROBIAL_RISK
8.14,0.89,230.0,23.5,SAFE
7.97,0.49,357.6,21.6,SAFE
8.92,1.97,1595.7,28.6,FLUORIDE_RISK
4.88,6.81,1226.7,26.0,ACID_MINE_DRAINAGE_RISK
7.82,0.47,288.7,22.1,SAFE
8.82,1.02,1678.4,31.6,FLUORIDE_RISK
6.48,13.99,491.2,21.6,IRON_MANGANESE_RISK
8.73,1.86,974.7,24.1,FLUORIDE_RISK
7.77,37.86,635.1,31.5,MICROBIAL_RISK
5.39,5.64,1328.1,29.2,ACID_MINE_DRAINAGE_RISK
7.3,31.62,844.1,29.8,MICROBIAL_RISK
7.49,0.87,369.5,26.1,SAFE
7.97,0.21,337.0,27.6,SAFE
5.95,14.96,481.3,22.9,IRON_MANGANESE_RISK
7.32,27.78,479.2,29.9,MICROBIAL_RISK
6.98,0.3,326.9,27.6,SAFE
6.46,14.04,723.1,28.1,IRON_MANGANESE_RISK
6.23,7.53,1347.5,28.5,ACID_MINE_DRAINAGE_RISK
7.55,0.73,349.4,21.0,SAFE
6.76,12.49,722.1,27.4,IRON_MANGANESE_RISK
8.72,1.59,1726.1,31.2,FLUORIDE_RISK
7.48,0.14,310.5,22.8,SAFE
7.72,0.91,417.2,22.2,SAFE
6.85,14.76,401.6,27.3,IRON_MANGANESE_RISK
6.34,14.14,665.6,27.8,IRON_MANGANESE_RISK
8.86,2.6,653.5,29.1,FLUORIDE_RISK
5.21,7.1,1170.8,24.6,ACID_MINE_DRAINAGE_RISK
7.64,31.61,438.8,32.4,MICROBIAL_RISK
7.3,0.61,463.3,27.8,SAFE
7.59,0.2,325.4,19.4,SAFE
7.05,0.53,327.7,26.7,SAFE
3.78,7.8,1030.3,28.4,ACID_MINE_DRAINAGE_RISK
8.61,2.64,1482.4,28.5,FLUORIDE_RISK
4.46,6.44,1050.9,30.6,ACID_MINE_DRAINAGE_RISK
8.56,1.6,1267.8,24.1,FLUORIDE_RISK
5.75,12.25,642.1,27.3,IRON_MANGANESE_RISK
5.31,3.56,1170.8,25.2,ACID_MINE_DRAINAGE_RISK
4.65,6.6,1295.9,25.5,ACID_MINE_DRAINAGE_RISK
6.98,0.69,154.6,21.5,SAFE
4.99,6.21,1033.5,25.3,ACID_MINE_DRAINAGE_RISK
6.63,20.05,581.7,27.5,IRON_MANGANESE_RISK
8.43,0.52,1194.5,28.0,FLUORIDE_RISK
6.94,20.89,458.0,29.6,MICROBIAL_RISK
7.15,0.18,389.1,22.7,SAFE
6.73,28.37,360.6,28.3,MICROBIAL_RISK
6.64,1.43,307.4,27.4,SAFE
6.33,9.14,447.7,29.1,IRON_MANGANESE_RISK
7.46,0.29,459.7,28.5,SAFE
6.74,16.9,695.6,24.4,IRON_MANGANESE_RISK
7.99,0.9,371.9,29.4,SAFE
7.34,1.04,382.5,23.1,SAFE
8.55,1.81,1255.4,32.6,FLUORIDE_RISK
7.25,0.25,330.1,27.3,SAFE
7.48,0.43,220.9,25.9,SAFE
5.38,8.35,1076.3,31.9,ACID_MINE_DRAINAGE_RISK
7.28,0.92,222.0,21.0,SAFE
7.17,0.34,291.7,24.2,SAFE
6.65,14.68,533.6,26.8,IRON_MANGANESE_RISK
6.4,20.03,612.9,26.5,IRON_MANGANESE_RISK
6.76,0.36,379.4,22.2,SAFE
5.16,10.64,1155.1,26.0,ACID_MINE_DRAINAGE_RISK
6.45,17.51,772.5,27.6,IRON_MANGANESE_RISK
7.18,3.8,160.9,30.0,SAFE
6.25,21.35,713.3,25.5,IRON_MANGANESE_RISK
6.65,11.68,669.1,28.7,IRON_MANGANESE_RISK
7.01,0.66,393.3,23.0,SAFE
6.44,20.13,780.8,24.8,IRON_MANGANESE_RISK
6.95,0.77,273.5,28.3,SAFE
5.89,0.05,1153.6,23.8,ACID_MINE_DRAINAGE_RISK
7.45,0.41,261.0,22.6,SAFE
8.44,4.1,1529.9,28.8,FLUORIDE_RISK
7.42,0.19,414.9,24.5,SAFE
5.83,14.87,409.4,25.0,IRON_MANGANESE_RISK
9.47,1.73,1777.3,32.7,FLUORIDE_RISK
5.88,6.38,1085.8,29.9,ACID_MINE_DRAINAGE_RISK
5.85,5.68,759.0,27.9,ACID_MINE_DRAINAGE_RISK
8.05,1.94,281.8,27.1,SAFE
3.5,7.04,1391.5,26.2,ACID_MINE_DRAINAGE_RISK
7.26,0.86,278.5,26.7,SAFE
6.05,16.42,428.7,25.3,IRON_MANGANESE_RISK
8.08,0.68,315.6,26.1,SAFE
6.98,0.58,314.6,22.6,SAFE
4.89,6.98,740.0,26.9,ACID_MINE_DRAINAGE_RISK
4.02,8.8,835.2,28.8,ACID_MINE_DRAINAGE_RISK
5.79,5.84,275.1,21.9,ACID_MINE_DRAINAGE_RISK
4.38,11.31,1171.5,24.9,ACID_MINE_DRAINAGE_RISK
5.98,8.11,544.9,29.4,ACID_MINE_DRAINAGE_RISK
6.36,15.2,736.1,26.2,IRON_MANGANESE_RISK
7.21,30.25,525.5,27.2,MICROBIAL_RISK
4.86,3.14,1370.7,26.2,ACID_MINE_DRAINAGE_RISK
7.53,0.38,252.5,24.3,SAFE
6.66,12.76,289.5,26.9,IRON_MANGANESE_RISK
5.73,2.73,1157.6,25.1,ACID_MINE_DRAINAGE_RISK
7.32,0.62,292.5,22.8,SAFE
8.86,1.07,1528.9,26.1,FLUORIDE_RISK
8.81,0.66,368.5,27.3,SAFE
7.15,1.86,391.2,24.9,SAFE
4.63,8.5,913.7,26.7,ACID_MINE_DRAINAGE_RISK
5.12,2.98,1090.1,27.9,ACID_MINE_DRAINAGE_RISK
6.57,1.0,304.3,26.8,SAFE
5.65,13.85,652.6,27.4,IRON_MANGANESE_RISK
4.39,8.63,1222.5,26.5,ACID_MINE_DRAINAGE_RISK
6.24,17.11,719.8,26.1,IRON_MANGANESE_RISK
7.32,0.39,220.6,25.1,SAFE
6.46,15.73,765.6,24.3,IRON_MANGANESE_RISK
6.67,0.14,179.7,25.7,SAFE
6.46,14.47,761.9,27.8,IRON_MANGANESE_RISK
8.12,0.68,368.6,23.6,SAFE
7.39,0.44,260.9,23.4,SAFE
7.25,0.14,136.5,22.7,SAFE
5.43,7.42,1105.7,28.2,ACID_MINE_DRAINAGE_RISK
9.37,1.3,1538.1,29.3,FLUORIDE_RISK
7.09,0.69,300.4,26.7,SAFE
6.57,0.84,264.4,26.0,SAFE
5.35,7.26,955.7,25.3,ACID_MINE_DRAINAGE_RISK
6.33,9.44,551.9,23.6,IRON_MANGANESE_RISK
4.29,6.07,1122.9,28.4,ACID_MINE_DRAINAGE_RISK
7.35,1.54,255.5,27.4,SAFE
6.21,17.03,779.6,27.2,IRON_MANGANESE_RISK
7.44,1.14,324.5,29.1,SAFE
6.34,0.21,92.5,20.8,SAFE
5.17,7.82,856.2,27.7,ACID_MINE_DRAINAGE_RISK
7.27,30.51,527.9,24.7,MICROBIAL_RISK
5.46,4.06,1153.7,26.1,ACID_MINE_DRAINAGE_RISK
7.89,0.33,395.0,25.6,SAFE
9.3,2.21,1559.6,28.2,FLUORIDE_RISK
8.64,2.75,1417.0,25.6,FLUORIDE_RISK
8.52,2.91,1343.3,32.3,FLUORIDE_RISK
7.47,0.51,312.9,24.4,SAFE
5.42,4.57,969.9,24.3,ACID_MINE_DRAINAGE_RISK
6.91,13.49,503.7,27.5,IRON_MANGANESE_RISK
4.42,3.28,1167.6,28.1,ACID_MINE_DRAINAGE_RISK
6.53,32.41,375.3,27.7,MICROBIAL_RISK
7.44,0.39,481.1,24.1,SAFE
6.33,15.33,563.7,24.6,IRON_MANGANESE_RISK
6.35,8.1,716.7,27.3,IRON_MANGANESE_RISK
6.17,12.79,628.1,25.1,IRON_MANGANESE_RISK
7.63,0.54,352.5,29.5,SAFE
4.78,5.49,1163.9,28.6,ACID_MINE_DRAINAGE_RISK
6.04,7.67,672.0,25.5,ACID_MINE_DRAINAGE_RISK
6.15,2.6,816.2,26.3,ACID_MINE_DRAINAGE_RISK
5.69,8.07,783.4,26.9,ACID_MINE_DRAINAGE_RISK
4.85,9.93,1117.7,31.8,ACID_MINE_DRAINAGE_RISK
6.72,0.14,330.0,23.0,SAFE
7.74,17.46,789.3,29.5,IRON_MANGANESE_RISK
4.37,11.08,730.2,24.2,ACID_MINE_DRAINAGE_RISK
4.5,7.69,1357.8,28.9,ACID_MINE_DRAINAGE_RISK
6.38,21.62,649.0,29.9,IRON_MANGANESE_RISK
7.9,0.47,302.6,23.1,SAFE
7.03,18.42,736.9,24.1,IRON_MANGANESE_RISK
7.68,0.32,222.0,23.8,SAFE
7.23,0.27,362.4,23.1,SAFE
7.1,0.51,356.8,28.2,SAFE
5.9,9.07,1095.8,28.6,ACID_MINE_DRAINAGE_RISK
6.79,0.23,499.2,22.6,SAFE
7.65,1.85,197.3,28.3,SAFE
7.57,0.29,429.2,24.4,SAFE
4.89,3.88,1257.1,27.6,ACID_MINE_DRAINAGE_RISK
6.46,27.86,449.6,28.7,MICROBIAL_RISK
6.88,18.92,478.4,29.0,IRON_MANGANESE_RISK
6.11,14.33,627.4,24.8,IRON_MANGANESE_RISK
5.66,4.73,1340.0,31.2,ACID_MINE_DRAINAGE_RISK
7.01,1.17,222.4,29.0,SAFE
4.69,7.87,1001.5,29.9,ACID_MINE_DRAINAGE_RISK
6.53,8.18,588.9,26.1,IRON_MANGANESE_RISK
6.79,21.16,661.5,31.0,MICROBIAL_RISK
7.55,0.11,279.4,27.5,SAFE
7.5,0.27,427.5,20.3,SAFE
6.45,18.48,593.1,28.3,IRON_MANGANESE_RISK
7.13,0.45,267.2,25.5,SAFE
8.99,4.0,1470.0,28.7,FLUORIDE_RISK
5.24,4.19,969.5,21.7,ACID_MINE_DRAINAGE_RISK
7.78,0.64,291.5,22.2,SAFE
6.94,1.21,340.5,27.2,SAFE
7.49,1.45,291.2,23.5,SAFE
5.93,16.62,734.8,27.8,IRON_MANGANESE_RISK
7.32,0.2,347.4,30.5,SAFE
9.19,0.76,1482.9,27.3,FLUORIDE_RISK
6.03,11.71,838.4,26.3,IRON_MANGANESE_RISK
6.96,1.89,243.6,27.1,SAFE
7.7,2.62,321.4,32.4,SAFE
7.2,0.3,351.2,26.0,SAFE
4.81,3.19,1228.3,30.0,ACID_MINE_DRAINAGE_RISK
7.58,1.07,418.9,22.8,SAFE
7.49,2.49,324.1,23.6,SAFE
6.61,1.34,162.3,28.5,SAFE
7.32,0.3,373.0,21.1,SAFE
4.59,9.71,1061.0,23.1,ACID_MINE_DRAINAGE_RISK
6.91,19.44,377.2,29.7,MICROBIAL_RISK
7.3,0.17,429.2,23.8,SAFE
6.11,1.45,1372.8,27.6,ACID_MINE_DRAINAGE_RISK
7.4,0.31,421.6,22.2,SAFE
4.27,6.67,1088.8,29.0,ACID_MINE_DRAINAGE_RISK
7.36,0.35,240.4,24.5,SAFE
5.33,9.19,895.8,30.2,ACID_MINE_DRAINAGE_RISK
8.71,3.15,1688.1,28.2,FLUORIDE_RISK
4.7,10.68,1283.7,24.7,ACID_MINE_DRAINAGE_RISK
6.52,6.56,1254.1,25.5,ACID_MINE_DRAINAGE_RISK
8.8,2.37,1830.2,27.5,FLUORIDE_RISK
5.57,6.72,1405.9,34.4,ACID_MINE_DRAINAGE_RISK
7.23,0.48,383.8,26.0,SAFE
5.75,8.62,971.0,25.5,ACID_MINE_DRAINAGE_RISK
6.98,0.77,374.1,21.8,SAFE
7.31,1.63,225.6,29.0,SAFE
5.78,3.95,1188.7,21.5,ACID_MINE_DRAINAGE_RISK
5.61,3.79,1117.2,25.6,ACID_MINE_DRAINAGE_RISK
7.03,25.27,455.2,29.9,MICROBIAL_RISK
7.69,0.39,304.2,24.2,SAFE
7.84,0.63,298.4,21.2,SAFE
7.48,1.22,420.2,24.8,SAFE
7.78,1.02,258.1,29.7,SAFE
7.37,25.18,511.5,26.9,MICROBIAL_RISK
5.56,4.64,1095.1,20.2,ACID_MINE_DRAINAGE_RISK
6.25,9.61,726.2,24.7,IRON_MANGANESE_RISK
6.99,0.74,203.4,30.2,SAFE
6.55,0.98,317.7,26.1,SAFE
6.25,7.42,646.1,22.6,IRON_MANGANESE_RISK
7.99,0.43,276.5,25.6,SAFE
7.08,2.11,334.3,25.2,SAFE
6.3,10.79,1063.0,26.2,IRON_MANGANESE_RISK
4.75,5.27,1448.9,25.4,ACID_MINE_DRAINAGE_RISK
7.42,0.19,324.4,23.2,SAFE
6.79,21.61,480.1,28.6,IRON_MANGANESE_RISK
7.76,0.21,240.2,25.1,SAFE
8.85,2.85,1603.0,28.4,FLUORIDE_RISK
7.02,11.92,742.0,23.7,IRON_MANGANESE_RISK
4.69,5.7,1300.2,29.5,ACID_MINE_DRAINAGE_RISK
4.89,9.32,1127.7,32.0,ACID_MINE_DRAINAGE_RISK
7.26,0.22,308.9,17.3,SAFE
7.13,27.78,412.2,33.2,MICROBIAL_RISK
6.54,18.19,651.7,21.4,IRON_MANGANESE_RISK
8.51,3.13,1340.6,26.8,FLUORIDE_RISK
6.64,7.44,643.2,30.0,MICROBIAL_RISK
4.57,10.4,1318.7,28.2,ACID_MINE_DRAINAGE_RISK
4.92,4.01,1083.8,27.5,ACID_MINE_DRAINAGE_RISK
8.82,1.27,1314.6,28.1,FLUORIDE_RISK
7.48,0.14,287.5,27.8,SAFE
6.0,3.41,966.8,29.1,ACID_MINE_DRAINAGE_RISK
7.54,0.5,265.4,23.4,SAFE
5.96,14.79,981.2,24.6,IRON_MANGANESE_RISK
7.23,0.64,261.3,27.3,SAFE
7.11,0.37,300.1,22.1,SAFE
7.03,0.49,197.3,19.8,SAFE
5.3,1.51,1124.5,27.4,ACID_MINE_DRAINAGE_RISK
7.8,1.87,244.0,29.5,SAFE
7.65,0.34,343.5,27.5,SAFE
6.34,20.02,276.2,26.2,IRON_MANGANESE_RISK
7.67,0.44,246.0,25.1,SAFE
6.33,10.37,627.8,28.8,IRON_MANGANESE_RISK
6.5,13.53,704.7,27.1,IRON_MANGANESE_RISK
7.3,1.91,348.2,15.0,SAFE
5.46,7.54,589.1,25.7,ACID_MINE_DRAINAGE_RISK
7.28,0.24,341.7,28.0,SAFE
6.44,15.58,592.7,23.5,IRON_MANGANESE_RISK
5.19,8.84,1354.2,24.8,ACID_MINE_DRAINAGE_RISK
5.26,3.55,652.5,30.2,ACID_MINE_DRAINAGE_RISK
7.95,0.37,304.3,26.4,SAFE
7.74,0.19,339.6,22.5,SAFE
7.01,0.85,150.1,27.4,SAFE
7.73,0.52,265.7,27.0,SAFE
8.44,2.57,1722.5,30.3,FLUORIDE_RISK
9.33,0.98,1628.4,34.6,FLUORIDE_RISK
8.51,1.92,1527.0,30.3,FLUORIDE_RISK
4.98,9.82,860.8,26.1,ACID_MINE_DRAINAGE_RISK
5.83,13.19,431.4,25.7,IRON_MANGANESE_RISK
9.61,1.98,1646.4,24.5,FLUORIDE_RISK
7.14,36.23,468.2,27.3,MICROBIAL_RISK
7.78,0.63,261.9,23.3,SAFE
5.48,4.66,889.2,25.8,ACID_MINE_DRAINAGE_RISK
7.14,26.37,605.9,24.1,MICROBIAL_RISK
9.3,0.9,1735.7,23.2,FLUORIDE_RISK
6.47,28.26,650.5,31.5,MICROBIAL_RISK
8.07,0.64,304.9,26.2,SAFE
8.65,0.92,1845.7,30.1,FLUORIDE_RISK
4.96,8.83,1223.3,29.4,ACID_MINE_DRAINAGE_RISK
7.24,0.27,340.0,25.1,SAFE
5.94,14.63,476.5,27.5,IRON_MANGANESE_RISK
9.03,2.3,1799.3,26.1,FLUORIDE_RISK
6.35,13.99,594.7,29.1,IRON_MANGANESE_RISK
6.68,8.09,696.6,26.3,IRON_MANGANESE_RISK
7.43,0.33,281.9,24.7,SAFE
7.64,0.63,206.2,29.2,SAFE
7.64,0.17,239.7,23.8,SAFE
7.74,0.94,359.7,26.6,SAFE
6.71,11.86,561.1,26.7,IRON_MANGANESE_RISK
